{"type": "FeatureCollection", "generated_at": "2026-08-15T02:35:42.284423+00:00", "areas_source": "shapefile_local", "features": [{"type": "Feature", "properties": {"nombre": "Aconquija", "categoria": "PARQUE NACIONAL", "provincia": "TUCUMAN"}, "geometry": {"type": "MultiPolygon", "coordinates": [[[[-65.91539575299998, -27.669139935999965], [-65.92467823999993, -27.65054232999995], [-65.93063878999993, -27.645259929999952], [-65.93545719999997, -27.622095870999942], [-65.93991900299994, -27.61628614999995], [-65.94396408707291, -27.595108947619735], [-65.94881668299996, -27.588843131999965], [-65.95157836265122, -27.578809640252643], [-65.95467166099996, -27.57643017999993], [-65.95586139099998, -27.57083844699997], [-65.95050760499987, -27.56643644399992], [-65.9502696589999, -27.561796494999783], [-65.96414477396195, -27.54579283177361], [-65.92131486099186, -27.52152797453624], [-65.92080129414433, -27.522414408398106], [-65.91750060327001, -27.521985811296133], [-65.91683849719863, -27.525270047274773], [-65.91243476398725, -27.527267054422154], [-65.91644384230932, -27.52510739139285], [-65.91677507251143, -27.52185126912059], [-65.92090855088878, -27.521297669851492], [-65.89519294221361, -27.506717107349687], [-65.90894445924494, -27.499444447658504], [-65.93921666027137, -27.46114722279168], [-65.97491968084891, -27.455138393220622], [-65.97465913299993, -27.44032501099997], [-65.96799664199995, -27.429379490999963], [-65.97239864599999, -27.425215434999927], [-65.97358837599995, -27.41200942699993], [-65.96773619867196, -27.4001532616892], [-65.9593111217514, -27.403113856672178], [-65.95429520731051, -27.401555222221702], [-65.9542963529484, -27.39876982085491], [-65.94821377137185, -27.398378289580478], [-65.94361276456698, -27.4024086370041], [-65.93461111094803, -27.40388887051347], [-65.93147218288993, -27.400500031721833], [-65.9347500070462, -27.393444378185904], [-65.9263056012245, -27.38936111025822], [-65.92983330606137, -27.383944449252283], [-65.91149865063664, -27.397076097959086], [-65.90292780534202, -27.393147190443244], [-65.90011918924381, -27.377313291951225], [-65.89789798531274, -27.373733563795554], [-65.89140217139362, -27.37100795627657], [-65.88790085831874, -27.37888320836055], [-65.87626337359887, -27.37181577464088], [-65.84712722393766, -27.371214212693587], [-65.82899111120145, -27.36814641657469], [-65.82852782467745, -27.36363892798687], [-65.81388884267983, -27.358027794172415], [-65.80560824718833, -27.35914673946172], [-65.8116293898263, -27.40689403775349], [-65.81666895670435, -27.40836289178452], [-65.82233023490045, -27.41451242565563], [-65.8226152190498, -27.42633811424639], [-65.82729449285688, -27.42830273805305], [-65.82656077582664, -27.431844357645502], [-65.83466511999359, -27.43386511456606], [-65.83422397397538, -27.436889118619263], [-65.84408345287989, -27.43794344770089], [-65.8453249390605, -27.436036170111436], [-65.84710616922291, -27.439271578631633], [-65.85016743178198, -27.438924395885977], [-65.85130250435196, -27.440954116167973], [-65.84847339669608, -27.443691958122542], [-65.85107967671473, -27.450143416840717], [-65.86025160070801, -27.45465314893346], [-65.86449756923571, -27.45324312201228], [-65.86746062720749, -27.455194438406522], [-65.86894381073239, -27.452413348673076], [-65.87644639089831, -27.451020860783274], [-65.87802428715099, -27.451559174863178], [-65.87887669204389, -27.4481925790422], [-65.88075072180789, -27.447090890820505], [-65.88283419585957, -27.449331459632674], [-65.88199018538677, -27.444770382233514], [-65.88801385062663, -27.442961421197538], [-65.88817012054318, -27.44111711396863], [-65.89314336319518, -27.43941222589001], [-65.90471656669013, -27.438121982060636], [-65.88831744620694, -27.441294588148878], [-65.88816978928702, -27.443101293916357], [-65.8821974752708, -27.444866959862793], [-65.88306864935095, -27.449732984483546], [-65.88078285078177, -27.44728720234326], [-65.87817930692171, -27.45167515191406], [-65.87890649674563, -27.45278426155039], [-65.87794015574701, -27.45496339525613], [-65.88089804958668, -27.45448618600045], [-65.8819026292075, -27.457474543810292], [-65.88062943059401, -27.459180550064787], [-65.88575011192808, -27.454882020684693], [-65.88621787212605, -27.456270831522943], [-65.88841632194601, -27.45628545714311], [-65.89015021842715, -27.458107118606563], [-65.88807553273608, -27.460485567516116], [-65.89601896779584, -27.459493392749152], [-65.8977642790203, -27.46093466837192], [-65.89957330170881, -27.464301746103047], [-65.89885902406184, -27.46969837067985], [-65.89757987052496, -27.46102722833143], [-65.88787317156061, -27.46059955428308], [-65.88992433616323, -27.45814054692545], [-65.88607660458473, -27.456432199533367], [-65.88570806810054, -27.45519484469031], [-65.88050843715075, -27.459385408019386], [-65.88010239817612, -27.457740394428527], [-65.88167709271596, -27.457430281919414], [-65.88076228408062, -27.454659745256663], [-65.87769098535239, -27.45512966678325], [-65.87798672732845, -27.45173972621774], [-65.86903677898096, -27.452590218397006], [-65.86749501420945, -27.455423456392168], [-65.8644837228515, -27.453435118126208], [-65.86024845322788, -27.454840262913763], [-65.85580514855354, -27.453228706312075], [-65.86327816742232, -27.46003753049166], [-65.86437838652199, -27.47256533183571], [-65.86257782730229, -27.474861077893934], [-65.86675653209994, -27.48502673935144], [-65.86981819030575, -27.48726090526941], [-65.86012552630467, -27.491782712825795], [-65.86850736644936, -27.493994085184454], [-65.87241983038388, -27.499607792062648], [-65.8801593719341, -27.50059462442033], [-65.87312222901318, -27.506880594160805], [-65.87707745654757, -27.51015257174373], [-65.87615879481245, -27.51686552030145], [-65.78070082220961, -27.53200043858783], [-65.78160972157474, -27.536631378937273], [-65.78565438011196, -27.537503548868017], [-65.78266602994944, -27.545902327132694], [-65.79093787102084, -27.544662393948045], [-65.80041004161967, -27.55252165103957], [-65.80589019387475, -27.55372254509797], [-65.8117676657613, -27.561801845923867], [-65.81557589287041, -27.562433672283532], [-65.83144380352331, -27.575891993546406], [-65.83043546079807, -27.579339985120157], [-65.84402462593152, -27.59421766020023], [-65.84065529212711, -27.59778482085642], [-65.8408256422968, -27.60721966594599], [-65.8373246094597, -27.613969056147482], [-65.82429330744293, -27.622672854579832], [-65.83377386144423, -27.621780593110145], [-65.83521290614095, -27.62419191738809], [-65.84553449363739, -27.62624354197112], [-65.85309862066919, -27.631252958465268], [-65.83618581237113, -27.6497997879016], [-65.83025201134149, -27.648959118228447], [-65.82511799377238, -27.651175671062163], [-65.82581371197267, -27.64828345309172], [-65.81943377571338, -27.64605279581292], [-65.81812899243488, -27.642644194360344], [-65.81128838089217, -27.64350662241145], [-65.80655158075291, -27.641370748820975], [-65.80549573299402, -27.64294953188272], [-65.79586307081172, -27.63674608527282], [-65.79166318782126, -27.646012443948564], [-65.78333138597554, -27.64903837851142], [-65.78723578912513, -27.64981904214818], [-65.79017945896237, -27.65328019029971], [-65.79272374364956, -27.653090877126033], [-65.7948678900911, -27.653343243208667], [-65.79912098906777, -27.654053651760307], [-65.80030394976018, -27.654583045170284], [-65.80176491901375, -27.655568008700925], [-65.80430249158724, -27.655353084578962], [-65.80475021584164, -27.655423366177274], [-65.80544078043471, -27.655684308043192], [-65.80565622749918, -27.655854293086577], [-65.80938255733912, -27.659464860355968], [-65.81445419427996, -27.659737319367423], [-65.8181102418078, -27.661481731171705], [-65.82384809816699, -27.658681096170596], [-65.82651605243063, -27.658224436655075], [-65.82726257445563, -27.658438487437877], [-65.82852828594423, -27.659020511533356], [-65.82927296326841, -27.65722470051105], [-65.83242269267538, -27.657277358314104], [-65.83265962954192, -27.657493535877563], [-65.8328362287985, -27.658262739867496], [-65.8327110791372, -27.660672983223776], [-65.83467715313208, -27.660902444645558], [-65.83499058448183, -27.661326669266145], [-65.83511414132687, -27.66202807729786], [-65.83554606910513, -27.66237486990383], [-65.83865732902052, -27.660364996929786], [-65.83800832226257, -27.658343374389688], [-65.83807088444502, -27.65805758438796], [-65.8383396539478, -27.65781917430428], [-65.83868856976534, -27.657795075635875], [-65.84063542859826, -27.659091295397104], [-65.84243969802083, -27.6571799240171], [-65.84316891605869, -27.65675937172739], [-65.84349601222743, -27.656652935997386], [-65.84398752859079, -27.656650202127707], [-65.8445849269998, -27.656810967243075], [-65.84505481911538, -27.657159119833807], [-65.84629438769122, -27.658472592528085], [-65.84760770898765, -27.658792236428667], [-65.84808064883458, -27.659351080873193], [-65.85160288552277, -27.658423473159246], [-65.85198708112796, -27.658566272703013], [-65.85592077511149, -27.66073179662851], [-65.85894165780809, -27.66395814727258], [-65.86344592410376, -27.661425262128546], [-65.86688827408688, -27.660280910039717], [-65.8706153628383, -27.66137933058934], [-65.87104471349323, -27.662175336037933], [-65.8668875557284, -27.6603395677635], [-65.8589216325583, -27.6640112770275], [-65.8519358559763, -27.6586059057675], [-65.8480638199216, -27.659404930416], [-65.8462626996642, -27.6585196781361], [-65.8439808847311, -27.6567043848058], [-65.8406415306211, -27.6591492733691], [-65.83836669609, -27.6578716138794], [-65.8387122614737, -27.6603887084624], [-65.8355440147995, -27.662432144562], [-65.832657237241, -27.6607049477359], [-65.8324118360831, -27.6573449751228], [-65.8285399055348, -27.6590785732018], [-65.8238696946589, -27.6587319089547], [-65.8181016920541, -27.6615365228406], [-65.809356281507, -27.6595160707578], [-65.8047291083594, -27.6554746084819], [-65.8017533338774, -27.6556214854746], [-65.7948559494767, -27.65339641758129], [-65.7901588767212, -27.6533315364252], [-65.7866905021146, -27.651410671371], [-65.781789704742, -27.6521754631558], [-65.781718399941, -27.6556972474763], [-65.7840707774463, -27.6568028769933], [-65.7810781133851, -27.6564667063512], [-65.779049397976, -27.6591871811639], [-65.7823062891033, -27.6600423796007], [-65.7837881307694, -27.6640275335569], [-65.7857350968893, -27.6632472649898], [-65.7830422425272, -27.6658152569851], [-65.7930641763624, -27.6626699355722], [-65.8005146738571, -27.6638669069814], [-65.8125005874641, -27.6768969739155], [-65.8147533831932, -27.6761383984361], [-65.8159224654776, -27.6774339577161], [-65.8197309194215, -27.6755660301893], [-65.8213330463303, -27.6764729005369], [-65.8222234197862, -27.6750638354381], [-65.8248824209964, -27.6755706966258], [-65.82159450289532, -27.67674083494046], [-65.81972149666382, -27.675896851163486], [-65.81599798472479, -27.677761279504523], [-65.81268665382186, -27.67721725703069], [-65.81780670742029, -27.68132769013232], [-65.82041776952104, -27.692589848107616], [-65.86460607870833, -27.68694253207002], [-65.8667876913825, -27.6766497107167], [-65.87542081099997, -27.672471180999935], [-65.91539575299998, -27.669139935999965]], [[-65.8617934262557, -27.57351218844326], [-65.86179342628655, -27.573512188306506], [-65.86179342634557, -27.573512188374423], [-65.8617934262557, -27.57351218844326]]], [[[-65.90391743468837, -27.32169796251702], [-65.89031441736967, -27.324570597109016], [-65.88902978612612, -27.328340546207244], [-65.87733634303112, -27.337571301028902], [-65.86274223480132, -27.343272138441023], [-65.85467833581322, -27.344140487921038], [-65.84689091801397, -27.349548277079407], [-65.84330250334529, -27.36162385011494], [-65.85494031967448, -27.361903158464543], [-65.86266589934343, -27.369235366631642], [-65.87245402101678, -27.371036279300256], [-65.87821701425452, -27.367793708175668], [-65.88830815123328, -27.37014575374741], [-65.89285793705096, -27.367023413951983], [-65.89300745749443, -27.369554835420217], [-65.89639709162873, -27.371173101702993], [-65.9011498870218, -27.367388872330196], [-65.91324716833901, -27.37734128768949], [-65.91670498436952, -27.377547613247543], [-65.92000973642212, -27.383080898624996], [-65.93118738256749, -27.383076586297705], [-65.92758509681204, -27.388881595564158], [-65.93606419338863, -27.39310748901363], [-65.93258618465893, -27.400108834627815], [-65.93480321813138, -27.403171785580525], [-65.93675838093219, -27.401148543388615], [-65.93853304163048, -27.403077800083622], [-65.94109271148164, -27.40068068235479], [-65.94342670644244, -27.40163474974031], [-65.94798756297558, -27.397520304891827], [-65.95774099460931, -27.398670383145884], [-65.95808923347806, -27.40196227998473], [-65.96147066245038, -27.397705791300552], [-65.96457923245327, -27.381611356287863], [-65.95430438062976, -27.342731296740055], [-65.95501293688727, -27.336560898005814], [-65.95356181919414, -27.335708851732704], [-65.95228555782433, -27.3332797769267], [-65.95194978142882, -27.331364314259247], [-65.95131281724878, -27.332133684311998], [-65.95070837171619, -27.33238804076052], [-65.95096868481386, -27.333466310234314], [-65.95015627285449, -27.334358712804544], [-65.94667632525301, -27.334090500026548], [-65.94494706170445, -27.332907249926677], [-65.94183380441109, -27.33271899715902], [-65.94142011640201, -27.332398948198318], [-65.94238817816955, -27.333397261519394], [-65.94254728327257, -27.333906436868233], [-65.9407402039734, -27.332690913002125], [-65.9399219186567, -27.333406432038487], [-65.93845188412007, -27.33282273847533], [-65.93843815103162, -27.33240642878951], [-65.93993835345924, -27.332107486749578], [-65.94025883996824, -27.331642813528163], [-65.94068889285023, -27.331528797050908], [-65.94097297341608, -27.33110034123513], [-65.93986396893467, -27.33186830850542], [-65.93897932235484, -27.332076553590525], [-65.93805594466784, -27.33163367728787], [-65.93761326562287, -27.33241120175586], [-65.93675653998645, -27.333158712260456], [-65.93662997961167, -27.331285287836977], [-65.93729129062302, -27.331102146277544], [-65.93748910907249, -27.331010821547636], [-65.93752662159562, -27.330983904450477], [-65.93756222515907, -27.33094783771554], [-65.93626078488603, -27.33137163880957], [-65.93478569271736, -27.33065552157302], [-65.93575074047703, -27.33013285023901], [-65.93637578552608, -27.33017863514351], [-65.93656898082287, -27.330065518576873], [-65.93666871818533, -27.329913634283685], [-65.936268913682, -27.330112680884724], [-65.93547069014625, -27.329890239327995], [-65.93524837709845, -27.330322260041157], [-65.93462022151937, -27.330326656321404], [-65.93407328251692, -27.330070736120263], [-65.93344317082182, -27.33060859211406], [-65.93332965190501, -27.33037891649161], [-65.93369378633952, -27.330124295331473], [-65.93372306115072, -27.330035681034133], [-65.93371844252471, -27.329957152478414], [-65.93290836519918, -27.330503946611657], [-65.93286551468373, -27.330305832810495], [-65.93335379086471, -27.329984437294513], [-65.93338162326592, -27.32992095191105], [-65.93338169785022, -27.32979812104486], [-65.93232643665482, -27.330525323022073], [-65.93274114934701, -27.329564223455122], [-65.93136891222781, -27.330846409623746], [-65.93018642004967, -27.327721460663895], [-65.92201973731409, -27.3298335290429], [-65.91910703354881, -27.329809449891172], [-65.91863400744046, -27.329508318391902], [-65.91873493943967, -27.32906392454572], [-65.92156625922831, -27.32835744183427], [-65.9230620236753, -27.326867856989224], [-65.92474176353272, -27.32635839299286], [-65.9258446246912, -27.324939409100352], [-65.92712999021592, -27.324971156403706], [-65.92780480397153, -27.324197040592026], [-65.90391743468837, -27.32169796251702]]], [[[-65.94403681802964, -27.32083392365081], [-65.94050917498157, -27.325143215771618], [-65.94299485829373, -27.32646976153751], [-65.94711780268761, -27.330993396158703], [-65.94699159361829, -27.33294348645893], [-65.94668304075299, -27.333167863921233], [-65.94601378641693, -27.32990920944559], [-65.94048078753565, -27.325347527378085], [-65.94030871343836, -27.32409034646861], [-65.93881003010671, -27.32350544004146], [-65.93790818793423, -27.323554758750618], [-65.93657746107789, -27.324969354218013], [-65.93571006754405, -27.325076871342674], [-65.93017925573918, -27.322508688841936], [-65.92822883840267, -27.324927248328606], [-65.92596234704166, -27.325019927436017], [-65.9248362743075, -27.32645241066126], [-65.92164449655286, -27.32846441251786], [-65.91875907468153, -27.329433202993016], [-65.93196488977492, -27.327123496394222], [-65.9330646571376, -27.32968378590482], [-65.9330329676784, -27.329849736078984], [-65.93262269154371, -27.330129740953225], [-65.9324621569641, -27.330261759389202], [-65.93240675843754, -27.330426471214366], [-65.93324303276466, -27.329863987647684], [-65.93336225598398, -27.329209903807623], [-65.93689713140043, -27.329523530808444], [-65.93664535719387, -27.33015371641909], [-65.93578380345701, -27.330239757085224], [-65.93568771698483, -27.33051766983243], [-65.93784014825803, -27.3306630002009], [-65.93705843802621, -27.33267036742899], [-65.93802464098411, -27.331523389362303], [-65.94126809260871, -27.330844730691524], [-65.93990294041078, -27.333296538855507], [-65.94072618039394, -27.33257532501318], [-65.94229595506687, -27.333473777268523], [-65.94128383481916, -27.33261157163588], [-65.9414262778107, -27.332287367749473], [-65.94499148183462, -27.332803561618505], [-65.94671822746716, -27.3339852578427], [-65.9501624760353, -27.334245038167467], [-65.95060314427593, -27.332329676392703], [-65.95197664838497, -27.331250712253677], [-65.95501647745056, -27.336439838280796], [-65.95616265334326, -27.32610959876763], [-65.94857769574259, -27.32266083416539], [-65.94747125610456, -27.32110957725223], [-65.94542981706087, -27.32203856121862], [-65.94403681802964, -27.32083392365081]]], [[[-65.92324986080115, -27.323236038179573], [-65.91869706433829, -27.321441648981022], [-65.91456326948833, -27.32242010157836], [-65.92324986080115, -27.323236038179573]]], [[[-65.89587431824509, -27.293367359815704], [-65.88580997195254, -27.297361331759987], [-65.8756766215788, -27.298089127011508], [-65.85173577298741, -27.29479560373403], [-65.85428922077091, -27.31117793381452], [-65.86555126617793, -27.31034101392663], [-65.8658591203021, -27.310417527346942], [-65.86655896552378, -27.310895143795733], [-65.86871076079291, -27.311747311688976], [-65.86894719525674, -27.311679549571465], [-65.86969321886693, -27.310751632681672], [-65.86994992225107, -27.31062586069487], [-65.88359236429613, -27.313883300473833], [-65.89281877806411, -27.301336243472804], [-65.91030345753842, -27.29852285474584], [-65.91455029635904, -27.295882402051177], [-65.91637894812993, -27.295895711118135], [-65.92685980463625, -27.290050966778608], [-65.92286824647238, -27.28969077121201], [-65.91263176634288, -27.285641369553502], [-65.91112573016824, -27.28713053804387], [-65.89884277347517, -27.290430129047138], [-65.89587431824509, -27.293367359815704]]], [[[-65.96165667001924, -27.32239284395456], [-65.96904654586132, -27.30680616027604], [-65.9766390704367, -27.306359744906217], [-65.97649634083336, -27.303864331273815], [-65.98437547125098, -27.301753948885562], [-65.9840183936339, -27.29445977529832], [-65.99325757507694, -27.28889396738259], [-65.99426039560069, -27.285118925497898], [-66.00392803115369, -27.281727806892718], [-66.00897027086125, -27.27716905530758], [-66.01716475305085, -27.2764361222292], [-66.03382383060529, -27.26618209542727], [-66.03682589799672, -27.258981204918598], [-66.04774518838968, -27.247140354044063], [-66.06153018287159, -27.23712805961219], [-66.06684902526229, -27.227484734532766], [-66.07449098736913, -27.223087570434927], [-66.08400761236135, -27.211566121878946], [-66.07791163521375, -27.209193020541363], [-66.08241647873746, -27.19833566825639], [-66.07534152659014, -27.19099846840453], [-66.06947035926964, -27.1885761750504], [-66.06783454642715, -27.176399415700416], [-66.06249287204838, -27.168468862947577], [-66.06300951547672, -27.162766151236838], [-66.05607885910194, -27.155927228858445], [-66.05471496482375, -27.144205017447575], [-66.04277987848849, -27.136913508551515], [-66.03635354078324, -27.12639672233081], [-66.02233952045248, -27.121241150958326], [-66.01701965283462, -27.112166066560576], [-66.0053630838392, -27.108593520974182], [-65.98838923997141, -27.111856258659373], [-65.97615501214403, -27.124221018585104], [-65.96859368594983, -27.126923361723698], [-65.96654531991055, -27.132700830478825], [-65.94446745560856, -27.157240539419263], [-65.93612310769521, -27.16115332416649], [-65.92317216965978, -27.17189801028485], [-65.91602082729929, -27.191896266099775], [-65.90591202392073, -27.200315420520212], [-65.90250802882241, -27.200229976831906], [-65.89753220404793, -27.20623274014872], [-65.89301387429077, -27.206440086940404], [-65.88973119503851, -27.21439020264569], [-65.87742902522928, -27.22104630454328], [-65.87149933092934, -27.231746386086797], [-65.85983497380488, -27.245045932823416], [-65.86721777557977, -27.273120784096875], [-65.86573797802515, -27.2800175481712], [-65.85154231442624, -27.292528801363062], [-65.84386492982253, -27.294502357297915], [-65.85921201702087, -27.294953776495504], [-65.87145146091615, -27.2898386584273], [-65.87861682910335, -27.290982858671953], [-65.8815588838354, -27.288432661937748], [-65.8927755548479, -27.287795605582687], [-65.9102951325143, -27.280829627884998], [-65.91564419212574, -27.275645467963898], [-65.91532107111044, -27.266940383991482], [-65.91853000235767, -27.259473796878183], [-65.92451509669434, -27.25454369543513], [-65.92568729643153, -27.251712672801546], [-65.92851476224644, -27.247114524615597], [-65.93854287845096, -27.238152496240616], [-65.94506476912375, -27.235410266370593], [-65.94971628667724, -27.235337826879118], [-65.94892836365301, -27.23277806945231], [-65.9494294200316, -27.22938605512229], [-65.9525859756622, -27.22853400054356], [-65.95588672229428, -27.2209505627182], [-65.96505389102458, -27.217013600615587], [-65.9555814429292, -27.22215362269145], [-65.95319566834536, -27.229275421423438], [-65.94943754540628, -27.23099529389765], [-65.95409347593312, -27.23574972626875], [-65.95161141903168, -27.234585658201468], [-65.94995355930928, -27.238117240118413], [-65.94828057209065, -27.235632928616667], [-65.93923253345463, -27.2385973324009], [-65.92781207966362, -27.248904456075707], [-65.9252064873894, -27.25529531282831], [-65.91895716324245, -27.26115781877826], [-65.91595747905438, -27.267532946388314], [-65.91649356222808, -27.27566043358206], [-65.91342664742177, -27.27846932839668], [-65.91451641709892, -27.28279264826199], [-65.92881732026302, -27.283557615191683], [-65.91452106659386, -27.283181553785596], [-65.90845335873547, -27.28721270819989], [-65.91244030877317, -27.285292245540575], [-65.91439649520197, -27.28516060637685], [-65.92293208214983, -27.28932434604161], [-65.92577042346619, -27.289129633825496], [-65.92880750416293, -27.290562408528274], [-65.93235321982513, -27.28838328106349], [-65.93779951773354, -27.290749949550445], [-65.9486075502981, -27.286949164572263], [-65.95322558069591, -27.287327789945437], [-65.95965834225865, -27.28136205171728], [-65.96511491851862, -27.27769544828618], [-65.96290485527481, -27.272006954857034], [-65.96377549614215, -27.265678915749277], [-65.96213146889215, -27.260887593187817], [-65.96241709896987, -27.254200175997255], [-65.9641869359782, -27.26564662199388], [-65.96332387099977, -27.271919778175118], [-65.96530897063246, -27.273149038996905], [-65.96719732119931, -27.27596623905066], [-65.97324970101283, -27.261830364179843], [-65.9759700872496, -27.25885275654946], [-65.97473161916884, -27.255293512385663], [-65.97808879825936, -27.25103731611921], [-65.97562096143815, -27.251133044454377], [-65.97518355457731, -27.250517866806092], [-65.9752953834751, -27.249493144193195], [-65.97958510287009, -27.246686895183984], [-65.9812202978784, -27.24688768052198], [-65.98260115382016, -27.246441212991556], [-65.98323724070605, -27.246503735658848], [-65.98606006332125, -27.248545511466148], [-65.98947224045145, -27.24753562856631], [-65.99041802147445, -27.243998355739507], [-65.99315880613398, -27.24169733956046], [-65.99397148929268, -27.24138505357729], [-65.99525360237175, -27.24113203651416], [-65.99604702475028, -27.24149422947505], [-65.99639264770241, -27.24107889827252], [-65.99795559297615, -27.240599111759536], [-65.99969517679085, -27.240282959590786], [-66.00074288877317, -27.23946227606308], [-66.00185762902635, -27.238798034101933], [-66.00306332850971, -27.2334080211632], [-66.00500672118318, -27.230879920771656], [-66.00742494330643, -27.228485064833762], [-66.0095028727593, -27.227785764601265], [-66.01253790839763, -27.22741337962367], [-66.01407961168462, -27.22571370772141], [-66.01996780766814, -27.22385425506974], [-66.02447842663804, -27.21856554176628], [-66.0298601999882, -27.21484332965582], [-66.03077606955986, -27.21447892975874], [-66.03483046695243, -27.214144942235237], [-66.04007398842379, -27.209887874525748], [-66.04363268400107, -27.208298176219785], [-66.0422790001756, -27.208045448738346], [-66.04599210665037, -27.20617287317947], [-66.04740510885864, -27.202314644904845], [-66.05129051284678, -27.200042803632414], [-66.04625129576061, -27.206315282624075], [-66.04417667671214, -27.208360836483337], [-66.04007869637468, -27.20994613980247], [-66.03511770411865, -27.2140726394407], [-66.03485549058837, -27.214208951481908], [-66.03328416902912, -27.214436687702914], [-66.03076152662305, -27.214588871878846], [-66.02983601811763, -27.21504020474157], [-66.01979076892883, -27.22423283098027], [-66.01258827313023, -27.227643956803092], [-66.00768408205465, -27.228561323746078], [-66.00312465058204, -27.233631429846582], [-66.00189763266951, -27.238979034354827], [-65.99975763021035, -27.240303267181957], [-65.99605591904538, -27.241534263695257], [-65.99307451987312, -27.24185267945751], [-65.9895300281882, -27.247762505934872], [-65.98610819233909, -27.248774033694644], [-65.98261698638476, -27.246480435123942], [-65.97555211833549, -27.24946625626262], [-65.9782990759415, -27.2510709336766], [-65.97542654419959, -27.255279149313253], [-65.97620025793543, -27.25895398783615], [-65.96644089313021, -27.278865816229455], [-65.9653088779653, -27.273448475872385], [-65.96585711784883, -27.27752520872673], [-65.95434046577543, -27.28750230825159], [-65.9373435414517, -27.29140165951833], [-65.93223879777696, -27.289267329794825], [-65.92886597798383, -27.291098426379733], [-65.92680309412248, -27.290112047276125], [-65.91657096088022, -27.296545481744715], [-65.90816184449653, -27.299817084617132], [-65.8935393993562, -27.301739783580842], [-65.883943368735, -27.314658712733944], [-65.86995210323994, -27.310655670953054], [-65.86896602758787, -27.311702585750425], [-65.8687094968925, -27.311776106769173], [-65.8665444515558, -27.31091907682992], [-65.86555445922062, -27.310369909841654], [-65.84722730255908, -27.312884566260834], [-65.84294582346081, -27.31120249137132], [-65.83866873412228, -27.31674800677041], [-65.82919828506175, -27.314012030933213], [-65.82547880296522, -27.31688667003874], [-65.8258538599776, -27.31985329368007], [-65.81631366117881, -27.323253337877873], [-65.81512317028432, -27.327986358948692], [-65.80483406488179, -27.33076371008309], [-65.80878951385478, -27.35320483160274], [-65.81562853300966, -27.354872021271888], [-65.8365615463373, -27.341310257687496], [-65.85640716821081, -27.340748865466082], [-65.8560818729099, -27.342521887235023], [-65.8612117004161, -27.34249240020108], [-65.87456779149579, -27.338095647875377], [-65.89019177583668, -27.323303165569826], [-65.89552868350819, -27.32123813621547], [-65.90803645911092, -27.320279775619326], [-65.9124800569898, -27.322392952911798], [-65.92694506525345, -27.320062792382544], [-65.93607285010239, -27.32485024010043], [-65.93758614726204, -27.323284086605554], [-65.94041715718072, -27.32338494058405], [-65.94339182087839, -27.320810639526485], [-65.94494913682269, -27.320540142072957], [-65.94558779694933, -27.32174338940638], [-65.9474930592794, -27.320763307314394], [-65.9563990689224, -27.325535684010617], [-65.95795390433636, -27.31976373740565], [-65.96165667001924, -27.32239284395456]], [[-66.03475799778334, -27.175304785187564], [-66.02924601249339, -27.180206024688232], [-66.02027364371361, -27.184363449313707], [-66.01891481576604, -27.18782988254293], [-66.01431864428992, -27.19535907056462], [-66.00492810784584, -27.20353490081493], [-65.99682729094667, -27.20822523670529], [-65.9876055950221, -27.209027328548245], [-65.98419684520815, -27.211833546980586], [-65.97610452827757, -27.213931035324475], [-65.98710408358653, -27.20903830837119], [-65.99612785671519, -27.20806579050378], [-66.00443187093407, -27.203437081556046], [-66.01411003574952, -27.195285868447968], [-66.01898091593642, -27.18519963265686], [-66.02255026848002, -27.18160097930172], [-66.03475799778334, -27.175304785187564]], [[-65.97512176141785, -27.21488541998898], [-65.9699826690649, -27.215917970937483], [-65.96753957670579, -27.214920645967553], [-65.97512176141785, -27.21488541998898]], [[-65.96608878213175, -27.2164841891072], [-65.9659167567529, -27.216647757288115], [-65.96571290395936, -27.216676474294346], [-65.96608878213175, -27.2164841891072]]], [[[-65.87761117661444, -27.29367283163583], [-65.87310785204562, -27.296967215564507], [-65.88553630375736, -27.297006962900923], [-65.89619924330032, -27.29209796135177], [-65.87761117661444, -27.29367283163583]]], [[[-65.82651828952208, -27.126417267545776], [-65.95489870098118, -27.030384078443774], [-65.94813568448939, -27.0269635607238], [-65.94665032590746, -27.02312339474588], [-65.9280360766636, -27.017917424421285], [-65.80948994600845, -27.115386497647876], [-65.77981867737901, -27.145640927881686], [-65.77436591425709, -27.163299885236142], [-65.75562609062348, -27.17154875203545], [-65.73178520901763, -27.173383488825152], [-65.69714680924784, -27.18636114264649], [-65.6779223092712, -27.206789366183784], [-65.68048962931681, -27.208291382341997], [-65.697473665833, -27.18889839389942], [-65.73506798301548, -27.185273728117068], [-65.78884544674048, -27.183795192040066], [-65.7945130642849, -27.153697461941988], [-65.82651828952208, -27.126417267545776]]], [[[-65.79204198440704, -26.980711818144016], [-65.76678742693008, -26.96263364907213], [-65.76563326261413, -26.96305312700241], [-65.76476139577727, -26.96294146327756], [-65.75116662643865, -26.957382756808727], [-65.74572311103265, -26.959052147638374], [-65.74674583265397, -26.970322625988274], [-65.74137172692355, -26.9716040672738], [-65.7393985397108, -26.975121877872255], [-65.71708117523178, -26.981636318452104], [-65.72482982563582, -26.98711765135846], [-65.72367183608634, -26.993165370885038], [-65.72864918970822, -26.996051243170257], [-65.7313042518897, -27.001624795148075], [-65.73010230347842, -27.007625289475357], [-65.74251782024118, -27.01983764219341], [-65.74266067934678, -27.0284569982918], [-65.7453866386823, -27.033451612601766], [-65.74242961383544, -27.035228244895507], [-65.79630452701645, -27.05328059091505], [-65.84979592602969, -27.012962456150035], [-65.85527579024773, -26.99111091832134], [-65.86049435035079, -26.98720272045938], [-65.8610763381592, -26.983663568222767], [-65.87450498866849, -26.98198341236423], [-65.89002269278484, -26.970198583465447], [-65.88096292499961, -26.943621004999954], [-65.87703681399984, -26.940646678999883], [-65.87489529899983, -26.932913430999974], [-65.86858972799973, -26.931128834999924], [-65.84367520549927, -26.94527293171342], [-65.83809158567624, -26.957767882648852], [-65.83344438773474, -26.95993196916106], [-65.83131092491226, -26.96887860637071], [-65.80840339973867, -26.961389939015874], [-65.8045934950913, -26.96839458693944], [-65.79204198440704, -26.980711818144016]]], [[[-65.7637267211711, -26.9620550352197], [-65.7657262199668, -26.9628014519708], [-65.7636219688848, -26.9618922348509], [-65.7637267211711, -26.9620550352197]]]]}}, {"type": "Feature", "properties": {"nombre": "Ciervo de los Pantanos", "categoria": "PARQUE NACIONAL", "provincia": "BUENOS AIRES"}, "geometry": {"type": "Polygon", "coordinates": [[[-58.8646634327306, -34.1875851254445], [-58.87016367155589, -34.2271603895933], [-58.8646940342442, -34.239094317425], [-58.85325432781249, -34.2549248464056], [-58.8333948205691, -34.2166850648937], [-58.8248728214821, -34.2102303617285], [-58.8126025421661, -34.2191273125354], [-58.8120360639296, -34.2220837859786], [-58.82520878144034, -34.21421297788342], [-58.82364730982231, -34.2222212113556], [-58.8280875197088, -34.2249375705142], [-58.81258674849364, -34.23323570822059], [-58.82087499369235, -34.23702884717289], [-58.81695515911188, -34.24584664045807], [-58.82571651811315, -34.24434622530855], [-58.81750396693095, -34.25281580753482], [-58.80240445941043, -34.25114374150698], [-58.80153794865521, -34.26123690339033], [-58.79541612631321, -34.26294905970278], [-58.78554544278982, -34.27538949814414], [-58.79828968024598, -34.27110838269046], [-58.80478685194505, -34.2717773719578], [-58.80533631376071, -34.26225102658517], [-58.80997296752719, -34.26686570268933], [-58.81481038381455, -34.26435094043254], [-58.8212207235047, -34.2737334395642], [-58.8224270620328, -34.2723728762307], [-58.82924374326708, -34.27488060564814], [-58.82753607409259, -34.26553270205403], [-58.8463989757875, -34.2568785767071], [-58.85239329773681, -34.2636789004908], [-58.8580949612369, -34.2620513113798], [-58.8639753991738, -34.265802354319], [-58.8602379843651, -34.2733394985553], [-58.86313627517669, -34.2743512727902], [-58.8637770540954, -34.2776757708634], [-58.8710537473671, -34.2727473284467], [-58.8729536147148, -34.2745988243259], [-58.8758123225707, -34.2734961566166], [-58.8745969867741, -34.2756721415208], [-58.8780458389956, -34.274693333602], [-58.8763807119394, -34.2770954421721], [-58.8792729249399, -34.27742889605], [-58.877399163146, -34.2804558327771], [-58.8811967169167, -34.2834067521617], [-58.8769186919963, -34.2844032840803], [-58.8806714765087, -34.2858321093372], [-58.8793888432847, -34.2884296005941], [-58.88337157012279, -34.2866559955946], [-58.88203752166971, -34.29127833140276], [-58.87974421158152, -34.29056688280717], [-58.87844725662081, -34.2920996796398], [-58.88153797978075, -34.29335130538468], [-58.8868535889487, -34.2892981949262], [-58.8902476565563, -34.2770264769788], [-58.8938854353619, -34.2791218769853], [-58.9074571887031, -34.2484755059122], [-58.9080157775024, -34.2400849726982], [-58.8966929510061, -34.2347482662881], [-58.9040856756619, -34.2242102298769], [-58.89584179801751, -34.2225613030023], [-58.8996525407139, -34.2142554808375], [-58.90328444556799, -34.2159455751755], [-58.92001378638091, -34.1926028109738], [-58.9118262171105, -34.1963132400415], [-58.9048766294145, -34.2063033707673], [-58.8934083184868, -34.1852659937576], [-58.8888030606613, -34.1830784960766], [-58.8721857573546, -34.1803153419751], [-58.8575506396301, -34.1825584238977], [-58.8646634327306, -34.1875851254445]]]}}, {"type": "Feature", "properties": {"nombre": "Laguna El Palmar", "categoria": "PARQUE NACIONAL", "provincia": "CHACO"}, "geometry": {"type": "Polygon", "coordinates": [[[-58.666574612676186, -27.12481752943147], [-58.65760470329178, -27.133219557987736], [-58.666766479021675, -27.167249010698757], [-58.66469417260658, -27.187317662297563], [-58.652696609150766, -27.197679194373027], [-58.6131046497466, -27.213494164382965], [-58.61640379726694, -27.227207920993138], [-58.62553848823716, -27.236289534948995], [-58.637653734277876, -27.233687722413514], [-58.67291147730052, -27.218822295625593], [-58.687395739299, -27.219775207599174], [-58.689968601627676, -27.210436670258044], [-58.71093266504654, -27.191569013181066], [-58.719127708019364, -27.172701356104092], [-58.71741246646692, -27.17155786173579], [-58.71969945520352, -27.16660271947315], [-58.71207615941484, -27.162600489184094], [-58.69721073262692, -27.148878556764476], [-58.70273762207371, -27.14316108492297], [-58.68339350900995, -27.125913378201094], [-58.679677152312976, -27.125913378201094], [-58.673578515682046, -27.131344976450524], [-58.666574612676186, -27.12481752943147]]]}}, {"type": "Feature", "properties": {"nombre": "El Leoncito", "categoria": "PARQUE NACIONAL", "provincia": "SAN JUAN"}, "geometry": {"type": "Polygon", "coordinates": [[[-69.20756483, -32.00691215], [-69.21028258, -32.01057806], [-69.21840415, -32.00766049], [-69.23554027, -32.0122832], [-69.25224547, -32.02403834], [-69.26156073, -32.03254105], [-69.26076887, -32.03788502], [-69.27855987, -32.07332611], [-69.29019279, -32.07143083], [-69.29940347, -32.07362487], [-69.31498288, -32.09209209], [-69.34261721, -32.08261025], [-69.37977557, -32.06423676], [-69.39307737, -32.07741801], [-69.40039466, -32.07503526], [-69.40664459, -32.07728501], [-69.41298172, -32.06503214], [-69.36991995, -31.72418422], [-69.30188326, -31.71480879], [-69.15981951, -31.7270665], [-69.14744053, -31.73531772], [-69.12498642, -31.8071268], [-69.10136102, -31.84723001], [-69.11527698, -31.92681797], [-69.11807197, -31.97096218], [-69.13042439, -31.99757078], [-69.18201886, -31.99757084], [-69.20756483, -32.00691215]]]}}, {"type": "Feature", "properties": {"nombre": "Bosques Petrificados de Jaramillo", "categoria": "PARQUE NACIONAL", "provincia": "SANTA CRUZ"}, "geometry": {"type": "Polygon", "coordinates": [[[-67.959656, -47.508402], [-67.959557, -47.519644], [-67.942961, -47.519576], [-67.942551, -47.564545], [-67.925941, -47.564474], [-67.925728, -47.586958], [-67.901893, -47.586853], [-67.901763, -47.599902], [-67.892362, -47.599859], [-67.89203897, -47.63177955], [-67.859333, -47.631129], [-67.847304, -47.638973], [-67.863106, -47.658019], [-67.854233, -47.687017], [-67.856873, -47.694782], [-67.854252, -47.700775], [-67.867828, -47.727361], [-67.87696, -47.773874], [-67.809468, -47.788868], [-67.944554, -47.789336], [-67.945036, -47.765491], [-67.971712, -47.765733], [-67.971268, -47.788215], [-68.057252, -47.78976392], [-68.057093, -47.812251], [-68.088469, -47.812347], [-68.08834, -47.832133], [-68.090344, -47.832139], [-68.090326, -47.834837], [-68.277331, -47.835231], [-68.277459, -47.790262], [-68.304151, -47.790294], [-68.304339, -47.709348], [-68.291013, -47.709334], [-68.291048, -47.695843], [-68.277726, -47.695826], [-68.277764, -47.682335], [-68.264445, -47.682318], [-68.26449, -47.667478], [-68.15797882, -47.66728002], [-68.15804116, -47.65518241], [-68.14473006, -47.65514029], [-68.14485, -47.632665], [-68.12488302, -47.63261561], [-68.125416, -47.538632], [-68.092211, -47.538541], [-68.092256, -47.531346], [-68.025856, -47.531135], [-68.02589, -47.526638], [-67.994168, -47.508536], [-67.959656, -47.508402]]]}}, {"type": "Feature", "properties": {"nombre": "Laguna Blanca", "categoria": "PARQUE NACIONAL", "provincia": "NEUQUEN"}, "geometry": {"type": "Polygon", "coordinates": [[[-70.26220719, -39.05787521], [-70.32502329, -39.1043976], [-70.44422673, -39.00635996], [-70.3814222, -38.95990026], [-70.26220719, -39.05787521]]]}}, {"type": "Feature", "properties": {"nombre": "Patagonia", "categoria": "PARQUE NACIONAL", "provincia": "SANTA CRUZ"}, "geometry": {"type": "MultiPolygon", "coordinates": [[[[-71.37230085, -46.90596361], [-71.33145517, -46.9064289], [-71.30184703, -46.91295995], [-71.30355125, -46.92329143], [-71.30939295, -46.92963389], [-71.3047082, -46.93242637], [-71.26223844, -46.94350824], [-71.23784424, -46.95249682], [-71.222874, -46.95266048], [-71.20792233, -46.9577252], [-71.20347658, -46.95704863], [-71.14954069, -47.02646094], [-71.16224243, -47.02811267], [-71.18119716, -47.03878837], [-71.18606078, -47.058154], [-71.18976178, -47.07875129], [-71.20228619, -47.30500118], [-71.1327406, -47.30528572], [-71.12810989, -47.42600368], [-71.14910951, -47.4254865], [-71.14891204, -47.42779617], [-71.34164821, -47.42471667], [-71.33730241, -47.34647629], [-71.40285227, -47.34464716], [-71.40044674, -47.29987496], [-71.39662306, -47.30096396], [-71.3975281, -47.28904103], [-71.33341437, -47.2914], [-71.32497313, -47.12240684], [-71.38423644, -47.11935062], [-71.38430465, -47.1211355], [-71.50690973, -47.11937642], [-71.5224891, -47.13129644], [-71.51582582, -47.0299338], [-71.42817794, -47.03220132], [-71.45936976, -47.00102469], [-71.47894904, -46.941712], [-71.51024848, -46.94093454], [-71.51000661, -46.93776849], [-71.42813582, -46.93993564], [-71.37366542, -46.94396315], [-71.37230085, -46.90596361]]], [[[-71.3631048, -46.66818809], [-71.36847196, -46.76156774], [-71.47304686, -46.75871527], [-71.46936985, -46.69607619], [-71.53462086, -46.69398905], [-71.52718606, -46.57294806], [-71.51745593, -46.57412544], [-71.48628734, -46.58611332], [-71.46298678, -46.59014764], [-71.46799121, -46.66519304], [-71.3631048, -46.66818809]]]]}}, {"type": "Feature", "properties": {"nombre": "Lani­n", "categoria": "PARQUE NACIONAL", "provincia": "NEUQUEN"}, "geometry": {"type": "Polygon", "coordinates": [[[-71.38173965603664, -39.11258683695763], [-71.3559938057191, -39.11265030131466], [-71.35564733876544, -39.11650736970415], [-71.3535642502112, -39.116182990574885], [-71.3572632683132, -39.11942429800206], [-71.35516092469203, -39.12219702895817], [-71.34725205273213, -39.12735183937821], [-71.34291260455308, -39.127042045258236], [-71.34318213254994, -39.12936044404455], [-71.33777780223215, -39.130372365334324], [-71.3380016069624, -39.13215084775834], [-71.33539478293767, -39.13077076115144], [-71.32866754200666, -39.132611454342566], [-71.32604080368787, -39.12796597532946], [-71.32334969193391, -39.13009427859714], [-71.3210075207071, -39.123061093408126], [-71.31591327939219, -39.120500803895936], [-71.29731647046123, -39.129592008129066], [-71.29482015824954, -39.13310429382307], [-71.29079677251718, -39.13177629329863], [-71.27086360524618, -39.13617752336728], [-71.26894540129206, -39.14076640296287], [-71.26230294311364, -39.14509539544213], [-71.24561225025195, -39.14966612005833], [-71.23573705032038, -39.14308386366912], [-71.2343253423092, -39.146141853155996], [-71.2319854633879, -39.14397937914072], [-71.22370691241667, -39.144614664314474], [-71.22196999850246, -39.14138246530507], [-71.21305911200312, -39.138806826218], [-71.21229723151606, -39.24412454484985], [-71.18949549449007, -39.23286320567513], [-71.17548646904226, -39.22072990593108], [-71.16907089162544, -39.224888218739295], [-71.16275083226765, -39.21888897329512], [-71.15142930655355, -39.22024732581201], [-71.13408707510985, -39.21287488641883], [-71.13268363945656, -39.37722832474611], [-71.14064669655454, -39.37625257244957], [-71.13924703201116, -39.37221002276016], [-71.14366649377217, -39.370355214584265], [-71.14324392911317, -39.36774975675661], [-71.14638666691968, -39.3648178049616], [-71.14809637526099, -39.369177145520666], [-71.15114095810588, -39.37075314704475], [-71.15312368488117, -39.36827010210527], [-71.15907445989393, -39.37589152478938], [-71.16677648661403, -39.373735413340796], [-71.16485423817778, -39.37632398040023], [-71.16780112364029, -39.379500320107866], [-71.18212778194186, -39.3717185968236], [-71.1820967310212, -39.581177990012804], [-71.22967245684197, -39.585662012104194], [-71.33689122230828, -39.58612411265028], [-71.31837459308139, -39.689864148507695], [-71.27135360232558, -39.70187127661194], [-71.21564113122184, -39.74604681707882], [-71.21262878580382, -39.79671986388604], [-71.21064148759183, -39.79742505581288], [-71.21706178752868, -39.80497467462925], [-71.22857114910471, -39.805516543508304], [-71.24534716317038, -39.80271502097594], [-71.2527092185577, -39.79923655271841], [-71.29132040115024, -39.796431120895306], [-71.31482768168394, -39.78932098169457], [-71.31746746839667, -39.793203433480016], [-71.31628889778199, -39.85551394300904], [-71.27194038722797, -39.86899795745023], [-71.32519357314982, -39.98487864298647], [-71.32194603226532, -39.987523318291665], [-71.35370561663859, -40.00286029537688], [-71.37168192817836, -40.01747520241861], [-71.36857690370107, -40.037547969762954], [-71.36854452361086, -40.108526407367776], [-71.31735834671025, -40.108523457591446], [-71.31152783594086, -40.11298494300064], [-71.33164377434059, -40.122552587431926], [-71.33668853125067, -40.122555338458085], [-71.33635490435529, -40.1403400866256], [-71.343342688814, -40.14329443958661], [-71.34394158873329, -40.1467543940999], [-71.35619045032894, -40.14494657602364], [-71.36405966931818, -40.149918307084135], [-71.36153732548712, -40.15747895429024], [-71.3642488956699, -40.16057090442365], [-71.36102224418119, -40.16008132699159], [-71.3560759720284, -40.1637501697345], [-71.3577487155307, -40.167561691718674], [-71.35526246778863, -40.16596689965263], [-71.35325551283154, -40.1693751260612], [-71.34540724354935, -40.162424832539955], [-71.34605295947648, -40.16445721133118], [-71.34137287855549, -40.16299991481418], [-71.33758697735709, -40.1664046383633], [-71.33827857939286, -40.17179812538308], [-71.33205966672023, -40.17162206240823], [-71.325994886155, -40.167329187292125], [-71.3260092264324, -40.226741499495574], [-71.38866397835989, -40.27152820626168], [-71.38947336550336, -40.28405551235198], [-71.3892550883516, -40.28794256659614], [-71.38419428753622, -40.29274081483669], [-71.38805195103669, -40.30059457358067], [-71.38237274040955, -40.309341273680786], [-71.38141201445285, -40.31605370101738], [-71.3768594286197, -40.31706776216737], [-71.3771093637061, -40.32088425560386], [-71.37171827517824, -40.321063053417106], [-71.37099574545721, -40.318002609232906], [-71.36025448935311, -40.32513123471864], [-71.35686746985783, -40.32331467793], [-71.35054929181626, -40.32430514626543], [-71.34606848986886, -40.33085982352196], [-71.34547374301877, -40.336346273461686], [-71.34087411005208, -40.337476327370496], [-71.3392851995522, -40.34051788219449], [-71.31912590213858, -40.33322768181205], [-71.31717187138474, -40.33989614219314], [-71.30832390042764, -40.34324610152629], [-71.29859418737175, -40.3533718292465], [-71.27009953796329, -40.36425679881211], [-71.2594898661643, -40.37123850115586], [-71.25838780815076, -40.37309554272508], [-71.26576016430005, -40.38330006544555], [-71.25564196570411, -40.38805833432457], [-71.24468221751022, -40.40177355760352], [-71.2447405124646, -40.40756173728431], [-71.23954320175727, -40.41309102103378], [-71.24160448835636, -40.417183725048744], [-71.23969496954709, -40.42314696406112], [-71.23623377846604, -40.42457520528143], [-71.23492834057038, -40.43357549980942], [-71.23907483753368, -40.436760469519925], [-71.2296720532226, -40.44771370752153], [-71.23474815870054, -40.45834754680175], [-71.23357718473926, -40.46147538258282], [-71.23674231360678, -40.46306105372457], [-71.23711905400108, -40.467433493660735], [-71.2333246964775, -40.473130196101636], [-71.23826037551589, -40.47959225038193], [-71.2271658594168, -40.48049521468232], [-71.23497379770248, -40.484299483634175], [-71.20774495576507, -40.4975591373443], [-71.17448637714449, -40.50161902419859], [-71.18207593035982, -40.51268784217007], [-71.17805621352335, -40.521488518680144], [-71.17697624645655, -40.54583789600201], [-71.1741663641863, -40.550877766895326], [-71.16091692857333, -40.55812757782542], [-71.15475718859335, -40.56495740176257], [-71.15546715478524, -40.57188722491543], [-71.14663752730002, -40.58417690853747], [-71.14760748299886, -40.58821680526131], [-71.14544757494559, -40.590816738101864], [-71.14709750354689, -40.59114672993758], [-71.14432762132265, -40.59258669202217], [-71.1452232102829, -40.59592971398507], [-71.14301767512552, -40.59854653969097], [-71.14638751936849, -40.620365982004444], [-71.15127730780148, -40.62321591018599], [-71.14990736243482, -40.63072571691828], [-71.15497714118203, -40.63772553970182], [-71.14959736792417, -40.64581533091268], [-71.15458715017678, -40.652205167834154], [-71.14999705362106, -40.65748345889449], [-71.15054953503295, -40.66600059085454], [-71.35968708369188, -40.49261351270337], [-71.38101920946883, -40.5075813378084], [-71.38809599173658, -40.486893435083914], [-71.39792430286417, -40.47482516365034], [-71.53565941864713, -40.35136264217209], [-71.53509396991069, -40.32764113642918], [-71.63469516355087, -40.22861766457345], [-71.6311711179527, -40.20467686994158], [-71.63454728712753, -40.197377027927416], [-71.63023725564477, -40.180840460518766], [-71.63986380746871, -40.1840886597638], [-71.6573671568687, -40.183124864420904], [-71.66396749720212, -40.17804827690634], [-71.65587308707319, -40.17427108294402], [-71.6703036158192, -40.15560858296965], [-71.70134414791403, -40.14290284868747], [-71.70279166430379, -40.143995292948375], [-71.71046788698334, -40.15876906414093], [-71.71040274818824, -40.18047293817551], [-71.71245938709097, -40.18150157014128], [-71.7085337249514, -40.18671516667149], [-71.71200906686482, -40.1867413414397], [-71.7125182297325, -40.189310007550716], [-71.71806081985085, -40.18886725422038], [-71.71461167249066, -40.190565558253866], [-71.71748152155493, -40.19208815544397], [-71.71678523674922, -40.19591872506902], [-71.71983927865966, -40.19654058737814], [-71.71488076673393, -40.19716566926013], [-71.71541094855638, -40.20307133547368], [-71.71167805969463, -40.20247455345782], [-71.71307454045763, -40.20544449256926], [-71.70993684540906, -40.20757912157916], [-71.71037233671393, -40.21055815913172], [-71.7138706751914, -40.21154539530363], [-71.72225540266464, -40.22316933509666], [-71.72085747399314, -40.278832472040904], [-71.7289428423382, -40.29661309411898], [-71.73730529989956, -40.30691467077537], [-71.74739478584058, -40.30712676328943], [-71.7606353433464, -40.29946117689178], [-71.75563604806507, -40.29243186443887], [-71.75824174106344, -40.29034125094785], [-71.75651471178446, -40.286493308219576], [-71.76181699495834, -40.27655531577511], [-71.77411613764957, -40.27319652959608], [-71.78757093884764, -40.26604164660466], [-71.78523793468293, -40.2616180280495], [-71.78687406678472, -40.25955771271822], [-71.79966014290119, -40.25489170348931], [-71.79708474896194, -40.24731701426873], [-71.80417465773417, -40.24180263948017], [-71.8038110726228, -40.235985278597695], [-71.8080226004626, -40.23271301259541], [-71.82326287608083, -40.23310689676583], [-71.83008009601951, -40.2158972029934], [-71.82835306674059, -40.206171302163796], [-71.8162638626871, -40.20583801521218], [-71.81677894219439, -40.203989790596324], [-71.81262801247277, -40.202838438043386], [-71.79984988546374, -40.18663598406329], [-71.81896045196322, -40.18047795459381], [-71.82889584266894, -40.173202951854705], [-71.82196029533134, -40.168543393462755], [-71.81751735034538, -40.15801648087586], [-71.81272868528055, -40.15810571070989], [-71.80844565504287, -40.15221654525726], [-71.81336043203822, -40.146573652851714], [-71.80953425829932, -40.13747459387736], [-71.79843169326796, -40.13747697258418], [-71.80174815645222, -40.12845168679587], [-71.80720193312266, -40.12627017702698], [-71.80071799923616, -40.11633218368331], [-71.8028995090051, -40.11039362746391], [-71.80939625013673, -40.108482645457684], [-71.81119577736314, -40.104599802738676], [-71.8254147810672, -40.11166636511058], [-71.83093037173921, -40.10759272762226], [-71.82590970946546, -40.097908321511795], [-71.82702547764359, -40.08992359449826], [-71.81891409371036, -40.08746248820324], [-71.8167162648437, -40.08565013214786], [-71.81783936969106, -40.083727526404175], [-71.81350407445342, -40.08079174174543], [-71.80976942831637, -40.081166036883076], [-71.78523533384356, -40.089972264908], [-71.77105551539961, -40.08966927791482], [-71.7504826593472, -40.09466857319603], [-71.74463499940566, -40.098880100136455], [-71.7282433712345, -40.103606705684854], [-71.72027479784362, -40.109696756300195], [-71.71321803898127, -40.109058078467456], [-71.69831896344937, -40.11681663947621], [-71.69046674164673, -40.11520336544294], [-71.68843944132703, -40.11323317207314], [-71.69022292824548, -40.10982426577715], [-71.67356818812135, -40.10372540989965], [-71.66660588505351, -40.08807331493148], [-71.67341590322133, -40.08317638408283], [-71.67388703645753, -40.08046379856535], [-71.66627160884758, -40.07338830862352], [-71.67116051234768, -40.06282457869128], [-71.68619152651763, -40.043813257775525], [-71.6889279062978, -40.03225383714482], [-71.68630098120525, -40.029027288178725], [-71.67495427362081, -40.02594756972445], [-71.67021344529417, -40.01442691526984], [-71.67087074999989, -40.000746999999876], [-71.66538667499987, -39.9976868249999], [-71.6668335629999, -39.994870013999844], [-71.66491800499995, -39.99154026799977], [-71.65810005399987, -39.98864562299991], [-71.65900980299995, -39.98592711899988], [-71.6516392069999, -39.97887044099991], [-71.65113170499995, -39.97138147399994], [-71.63537015499992, -39.968154924999965], [-71.63118706299991, -39.96932561999989], [-71.62507660699993, -39.97579299499989], [-71.61990479299993, -39.97249379399989], [-71.61923156799992, -39.96273720899984], [-71.61424054099996, -39.956219547999865], [-71.62517654399994, -39.93787390399996], [-71.61923740999993, -39.9350756579999], [-71.61435475599978, -39.93703157499988], [-71.59819049899977, -39.92928155499993], [-71.60276419899992, -39.91668437899989], [-71.59268500399992, -39.91138050899991], [-71.59647233699991, -39.90717381499991], [-71.59249464699997, -39.90115834499994], [-71.5957307139999, -39.89599967299989], [-71.59599721399996, -39.89013668199988], [-71.60937454399988, -39.87980744099991], [-71.61267009699992, -39.87437037299992], [-71.6229850609999, -39.88058076599998], [-71.63319294799993, -39.88196085399983], [-71.6329193099998, -39.874394167999924], [-71.63652419399995, -39.86957575899987], [-71.63526307899997, -39.859177513999896], [-71.64291304699992, -39.853395423999984], [-71.64725556299993, -39.85233656399993], [-71.6563141709999, -39.855682085999774], [-71.6613953509999, -39.8606384819999], [-71.6700745939998, -39.86293706299995], [-71.68449412799987, -39.85589385799989], [-71.69153955299981, -39.84142098399997], [-71.69182234099998, -39.839037481999924], [-71.68557484699988, -39.834081876999846], [-71.69210460499988, -39.824527548999924], [-71.68232820599991, -39.819679746999896], [-71.67921821899989, -39.81156197499985], [-71.67178220599999, -39.81093287099998], [-71.66696883799978, -39.80720639299989], [-71.68362095299983, -39.80190447599989], [-71.67796518499989, -39.7938248079999], [-71.6814423919999, -39.78844567399989], [-71.68063147499993, -39.78344243399994], [-71.6858024629999, -39.776857503999906], [-71.68087386599996, -39.76861624199984], [-71.68669122699998, -39.75580996699989], [-71.70224458899986, -39.74595277099991], [-71.70773876399988, -39.738398280999945], [-71.71242497199984, -39.72442045399987], [-71.70463532199989, -39.72266234199992], [-71.70026506999989, -39.710927407999804], [-71.69372053899991, -39.70725115899995], [-71.7026335349999, -39.70182184699985], [-71.70406251499992, -39.695778028999825], [-71.69825093099996, -39.69339051199995], [-71.69246884099988, -39.6959201759999], [-71.68343432599988, -39.691101767999896], [-71.6797831099999, -39.69335412899994], [-71.67121866199989, -39.692303771999775], [-71.66948153299984, -39.68301215299988], [-71.67311738399985, -39.677800765999905], [-71.68473333299977, -39.67933055599991], [-71.68875154199992, -39.67691200299981], [-71.69354158499982, -39.66679655499979], [-71.69407719499992, -39.65805316699988], [-71.69848061499982, -39.6589419309999], [-71.70960839499998, -39.651156567999806], [-71.71722544599993, -39.64952911699993], [-71.71504393499993, -39.64181303299989], [-71.71758903099982, -39.63712682599993], [-71.71601349599996, -39.63442013699989], [-71.70081479999999, -39.633207997999875], [-71.70078331999997, -39.630016716999876], [-71.69488055599993, -39.62454444399992], [-71.69472356899996, -39.61979593599983], [-71.69816467599992, -39.615018505999785], [-71.69575547199997, -39.60405662799991], [-71.69924818299995, -39.59729405899992], [-71.6952097489999, -39.59305793899989], [-71.69868260599992, -39.58735606699992], [-71.68995656399989, -39.58198308699991], [-71.6893505889999, -39.57434779999994], [-71.68409880499985, -39.56776286999991], [-71.67417499999988, -39.56363888899989], [-71.67121173299995, -39.57010597399989], [-71.65836870899989, -39.58024960699993], [-71.65606235499985, -39.587477261999936], [-71.63622676799991, -39.5858209299999], [-71.62394567199988, -39.59216346999989], [-71.62455164699992, -39.59717286399996], [-71.61598719799997, -39.60101070699989], [-71.61540851499984, -39.60995917799977], [-71.61170497399996, -39.61543291499993], [-71.61445206099984, -39.62197744699989], [-71.61008903999993, -39.62819879199992], [-71.60148419299992, -39.62743122299992], [-71.59716156999991, -39.63130946399991], [-71.5935257189999, -39.62937034399977], [-71.57663798099992, -39.636249889999874], [-71.56402709599979, -39.63328589299982], [-71.55633667799987, -39.626832794999984], [-71.5410319849999, -39.6243391189999], [-71.52327168799991, -39.62688990199979], [-71.5115457039999, -39.63103968199988], [-71.5024085739999, -39.637797350999904], [-71.4966831139999, -39.61891680399992], [-71.47983653099982, -39.608815991999904], [-71.47079006199988, -39.59123455899987], [-71.46235725199989, -39.584819531999926], [-71.46120395799989, -39.582691515999784], [-71.47165935799984, -39.57794447599986], [-71.47449567599989, -39.5742134809999], [-71.47571809999988, -39.56787542199976], [-71.47362944999992, -39.56279567399997], [-71.46765172699992, -39.560570476999885], [-71.47026913399992, -39.553646244999925], [-71.48537871199994, -39.552956200999915], [-71.50398609699982, -39.560380119999934], [-71.51121965799979, -39.55276584399991], [-71.51133625199998, -39.547891518999904], [-71.53313806299997, -39.53667830899991], [-71.53429641899999, -39.52945398899993], [-71.52991984199997, -39.524382443999855], [-71.52971758799993, -39.51930229499993], [-71.51811771599989, -39.51229478199991], [-71.5194502139999, -39.50661976699996], [-71.51740387699988, -39.50416892299995], [-71.50406699799998, -39.50213448299991], [-71.48924553699993, -39.495629945999895], [-71.47294480599993, -39.4932666429998], [-71.46914270799994, -39.47867644199994], [-71.46314355399988, -39.47101085599991], [-71.4650523759999, -39.45831567699997], [-71.45721388899989, -39.4517527779999], [-71.44720640799989, -39.45095307899987], [-71.45150883199989, -39.441136281999775], [-71.45023628399991, -39.426259591999894], [-71.45202390999998, -39.42432047199998], [-71.46126503099993, -39.423987185999806], [-71.46417371199993, -39.419533267999896], [-71.46026517199994, -39.41350381599989], [-71.45520527999992, -39.412716047999936], [-71.45256928799978, -39.40947408099993], [-71.44572176899999, -39.40935288599991], [-71.44447951999985, -39.40347492699988], [-71.44663073199985, -39.39638501799976], [-71.45490229199993, -39.38953749899986], [-71.45796246699979, -39.37666052799989], [-71.45675051599989, -39.370025099999964], [-71.44844865699991, -39.37196421999988], [-71.44104824599992, -39.3688724349999], [-71.4330871869999, -39.37190362299992], [-71.42823938599986, -39.36514699999981], [-71.42348248199994, -39.36629835299988], [-71.41390807399989, -39.35942053499997], [-71.41057521099992, -39.35275480899992], [-71.40163707799985, -39.35181554699989], [-71.39497135099992, -39.34178665899992], [-71.39533256099998, -39.32430427599991], [-71.38563695899995, -39.31815362799995], [-71.3948477809999, -39.30212558599993], [-71.3885387179999, -39.28781983599981], [-71.38230409499988, -39.28415842299995], [-71.3751232899998, -39.284673501999805], [-71.37400223599991, -39.28243139399996], [-71.37518388799998, -39.26900904499996], [-71.38866683399988, -39.26534289499995], [-71.39254507499999, -39.25025411499979], [-71.38475829399988, -39.24455794899984], [-71.38236469299989, -39.23764983199993], [-71.38787906599993, -39.23458965799995], [-71.39190880099989, -39.21580442899989], [-71.38181931499992, -39.21741026299998], [-71.3810733319998, -39.211327344999916], [-71.38551576299983, -39.201957896999886], [-71.39557494999991, -39.19350454399989], [-71.39472658499989, -39.188747639999804], [-71.40002886799988, -39.18580865999991], [-71.39718078499993, -39.176355447999924], [-71.40039245299994, -39.172628700999894], [-71.40103613799988, -39.16500596499992], [-71.41284302399987, -39.164206466999815], [-71.41982268199979, -39.15613459999997], [-71.42061044999986, -39.149256782999885], [-71.41121783499989, -39.139591478999876], [-71.41994387699987, -39.12513897299988], [-71.41539237307819, -39.11903652895461], [-71.4097443956465, -39.11825312264136], [-71.39918679867463, -39.121189794771624], [-71.39675860041461, -39.11734314201942], [-71.38901439390247, -39.11362206109459], [-71.38289465559183, -39.11558356536909], [-71.38173965603664, -39.11258683695763]]]}}, {"type": "Feature", "properties": {"nombre": "Mburucuya", "categoria": "PARQUE NACIONAL", "provincia": "CORRIENTES"}, "geometry": {"type": "Polygon", "coordinates": [[[-57.99590491, -27.9402949], [-57.98577894, -27.97079256], [-58.00108783, -27.97781178], [-57.98690117, -28.03190412], [-58.00293196, -28.03588862], [-58.02443532, -28.04522359], [-58.04660898, -28.06333146], [-58.05582072, -28.07751574], [-58.06046837, -28.08097522], [-58.09454894, -28.09651515], [-58.16036745, -28.01467702], [-58.14159508, -27.99140487], [-58.14183854, -27.98201391], [-58.13812058, -27.97567726], [-58.12645403, -27.97964291], [-58.12207992, -27.97665064], [-58.11886465, -27.97027925], [-58.11201796, -27.97646098], [-58.10372286, -27.97828227], [-58.11347682, -27.96572442], [-58.11049986, -27.96377431], [-58.11446063, -27.95891758], [-58.11255489, -27.95756242], [-58.11544812, -27.95204977], [-58.1091898, -27.94776039], [-58.09526082, -27.96430589], [-58.06920028, -27.95823818], [-58.06802609, -27.96262729], [-58.03339844, -27.95551062], [-58.03434513, -27.95107835], [-58.02440632, -27.94893235], [-58.01831841, -27.94242787], [-58.00186493, -27.93952458], [-57.99590491, -27.9402949]]]}}, {"type": "Feature", "properties": {"nombre": "San Guillermo", "categoria": "PARQUE NACIONAL", "provincia": "SAN JUAN"}, "geometry": {"type": "Polygon", "coordinates": [[[-69.39364122, -28.95991556], [-69.38885759, -28.9677109], [-69.37373613, -28.97642176], [-69.36901353, -28.98192827], [-69.34464525, -28.98671], [-69.31475328, -28.98387186], [-69.29543565, -28.989098], [-69.28894304, -28.9884495], [-69.25876878, -29.00084536], [-69.23581193, -29.00556795], [-69.22571061, -29.01247637], [-69.22021745, -29.01277773], [-69.21362565, -29.00721972], [-69.21399949, -29.00434534], [-69.20480774, -29.00084832], [-69.20167327, -29.00591877], [-69.19689628, -29.00591877], [-69.19620381, -29.01244463], [-69.18938957, -29.01479034], [-69.185295, -29.01069577], [-69.17778829, -29.01547277], [-69.17778829, -29.02434433], [-69.16209244, -29.04140503], [-69.14298446, -29.04140503], [-69.14025474, -29.04481717], [-69.13206561, -29.04413475], [-69.13274803, -29.04754689], [-69.13957232, -29.05095903], [-69.13820746, -29.05573602], [-69.12865347, -29.05846574], [-69.11364005, -29.06938459], [-69.10613334, -29.08235072], [-69.10681577, -29.08781014], [-69.09930906, -29.09190471], [-69.0808835, -29.11374241], [-69.08224836, -29.11988426], [-69.07883622, -29.1280734], [-69.08422051, -29.14099173], [-69.08520006, -29.15013735], [-69.08117173, -29.16875689], [-69.08538316, -29.1829571], [-69.0802028, -29.18757479], [-69.08195756, -29.18944971], [-69.07891343, -29.20075266], [-69.08512376, -29.23803942], [-69.09504197, -29.24853747], [-69.09123491, -29.25585787], [-69.0925319, -29.25900118], [-69.09002946, -29.26874964], [-69.08629106, -29.27389948], [-69.09140275, -29.27771418], [-69.09064744, -29.28621714], [-69.09622453, -29.29237024], [-69.09387468, -29.31592409], [-69.1108806, -29.33006327], [-69.1175258, -29.34132616], [-69.11226915, -29.34882586], [-69.11281083, -29.35230105], [-69.12349962, -29.36221926], [-69.12114213, -29.37266009], [-69.121989, -29.38249247], [-69.12718461, -29.38726847], [-69.12452958, -29.4009823], [-69.12919114, -29.40740053], [-69.13095353, -29.41584246], [-69.1371486, -29.4240021], [-69.13677476, -29.43149416], [-69.14541887, -29.43623392], [-69.1548488, -29.43611757], [-69.16250108, -29.44206278], [-69.16558336, -29.45885126], [-69.16261552, -29.46400873], [-69.16705583, -29.47345011], [-69.16057084, -29.48054545], [-69.16447709, -29.48562662], [-69.16514085, -29.49460833], [-69.17213701, -29.5042309], [-69.17003892, -29.5087456], [-69.17213701, -29.51391832], [-69.17996477, -29.52322237], [-69.17969774, -29.5377659], [-69.1907985, -29.54483835], [-69.1895778, -29.55106203], [-69.19433091, -29.55806582], [-69.2000377, -29.54807131], [-69.20664476, -29.54373209], [-69.22947191, -29.54343836], [-69.24032853, -29.53996317], [-69.25117753, -29.53155939], [-69.26470445, -29.52919809], [-69.2753856, -29.52101557], [-69.27723954, -29.51003306], [-69.28500627, -29.49963991], [-69.2844951, -29.49342386], [-69.27855943, -29.48744051], [-69.29315446, -29.47876207], [-69.30010484, -29.46085398], [-69.30048631, -29.45554392], [-69.29800676, -29.4523472], [-69.29987596, -29.44914667], [-69.30607866, -29.44472353], [-69.31743882, -29.44651262], [-69.33473466, -29.44517939], [-69.33777879, -29.43929712], [-69.34900926, -29.4324383], [-69.36444352, -29.41640513], [-69.36104844, -29.40446894], [-69.36231492, -29.4015259], [-69.35568498, -29.39384882], [-69.36709092, -29.3846554], [-69.36864732, -29.37842409], [-69.37562822, -29.37097208], [-69.39479326, -29.36208002], [-69.39921068, -29.35722582], [-69.41986345, -29.35873072], [-69.4375789, -29.35063402], [-69.44044755, -29.35139887], [-69.44425462, -29.34343569], [-69.45035814, -29.34021799], [-69.46780657, -29.30384998], [-69.46780818, -29.12061134], [-69.44770583, -29.1496829], [-69.40112813, -29.16768665], [-69.40103365, -28.95725736], [-69.39364122, -28.95991556]]]}}, {"type": "Feature", "properties": {"nombre": "Sierra de las Quijadas", "categoria": "PARQUE NACIONAL", "provincia": "SAN LUIS"}, "geometry": {"type": "Polygon", "coordinates": [[[-67.16578348, -32.41186228], [-67.16217398, -32.45278224], [-67.08252984, -32.45277526], [-67.0829459, -32.4145706], [-67.03442829, -32.41367263], [-67.03394396, -32.45473007], [-66.97869924, -32.45377472], [-66.97827951, -32.47895065], [-66.97112424, -32.47071305], [-66.96939978, -32.46041123], [-66.96294918, -32.46716581], [-66.95639207, -32.4688073], [-66.96326196, -32.50105323], [-66.96832233, -32.50030334], [-66.97717827, -32.54434963], [-66.97767995, -32.51457021], [-66.99540326, -32.51444352], [-67.01801946, -32.53215741], [-67.02015556, -32.59501666], [-67.01346513, -32.60048256], [-67.02334349, -32.61447413], [-67.03137129, -32.72113128], [-67.17989987, -32.72023053], [-67.18970177, -32.69397786], [-67.21573668, -32.67686639], [-67.23671535, -32.63380575], [-67.25036281, -32.62198201], [-67.24208695, -32.60902037], [-67.24809815, -32.58676514], [-67.26095223, -32.55593817], [-67.27249317, -32.53763489], [-67.28084642, -32.50598536], [-67.29568231, -32.47512138], [-67.28684313, -32.43994107], [-67.29406948, -32.41682418], [-67.16578348, -32.41186228]]]}}, {"type": "Feature", "properties": {"nombre": "Lago Puelo", "categoria": "PARQUE NACIONAL", "provincia": "CHUBUT"}, "geometry": {"type": "Polygon", "coordinates": [[[-71.74161935, -42.08381367], [-71.61498327, -42.08678645], [-71.59685811, -42.09065153], [-71.60606632, -42.26556799], [-71.78760065, -42.26020623], [-71.78142839, -42.14790191], [-71.77632294, -42.14281499], [-71.77778868, -42.13915062], [-71.77455738, -42.136419], [-71.77724995, -42.13022585], [-71.75780339, -42.12835796], [-71.74750767, -42.13045607], [-71.74527574, -42.12755789], [-71.7309847, -42.12229452], [-71.72612108, -42.11023541], [-71.72848626, -42.10673761], [-71.72718708, -42.10157418], [-71.74161935, -42.08381367]]]}}, {"type": "Feature", "properties": {"nombre": "Perito Moreno", "categoria": "PARQUE NACIONAL", "provincia": "SANTA CRUZ"}, "geometry": {"type": "Polygon", "coordinates": [[[-72.0760715, -47.54829469], [-72.08928603, -47.72812277], [-72.02444984, -47.73002643], [-72.02124853, -47.74101484], [-72.0263566, -47.75174681], [-72.01477587, -47.76569213], [-72.01242928, -47.77912621], [-72.00657691, -47.79220474], [-72.00657007, -47.80256], [-72.0094239, -47.80514203], [-72.00685649, -47.8120501], [-72.01216008, -47.82611133], [-72.01024845, -47.8297477], [-72.01201352, -47.83389312], [-72.00765901, -47.83847823], [-71.98890285, -47.83844282], [-71.98838378, -47.84073075], [-71.99091284, -47.84215821], [-71.9850481, -47.84344431], [-71.98561025, -47.84520099], [-71.9748566, -47.84419787], [-71.97068686, -47.84640581], [-71.97228051, -47.84904111], [-71.96750029, -47.84856997], [-71.98042545, -48.00153138], [-72.24975723, -47.99249633], [-72.26034165, -48.13147958], [-72.32202612, -48.13147868], [-72.32323826, -48.12105009], [-72.32716437, -48.11601753], [-72.33826194, -48.11203586], [-72.35502525, -48.10100646], [-72.3607657, -48.08958505], [-72.36030625, -48.07359866], [-72.36979099, -48.07559738], [-72.38397258, -48.0711811], [-72.39482292, -48.07679663], [-72.4005717, -48.07493114], [-72.40782909, -48.07803505], [-72.41612386, -48.07814817], [-72.42148716, -48.07678949], [-72.42205526, -48.07186222], [-72.42945374, -48.07142976], [-72.44317836, -48.06486245], [-72.43930935, -48.05823803], [-72.44058237, -48.0490307], [-72.42850214, -48.04148186], [-72.43140508, -48.03455763], [-72.43111955, -48.02645557], [-72.42772881, -48.0185736], [-72.42871034, -48.01116753], [-72.41877609, -48.00272044], [-72.42538267, -47.99601512], [-72.42049049, -47.98676378], [-72.42323163, -47.98449853], [-72.42252731, -47.97873072], [-72.42808573, -47.97163041], [-72.42425956, -47.96942226], [-72.42816357, -47.96549632], [-72.45420333, -47.9638391], [-72.45949525, -47.95649132], [-72.46698818, -47.95662457], [-72.46855862, -47.96012238], [-72.49234292, -47.95841869], [-72.49780616, -47.96115982], [-72.50345976, -47.95784761], [-72.50504885, -47.95147521], [-72.51028384, -47.94796464], [-72.52223966, -47.94667396], [-72.52764579, -47.93723226], [-72.52734122, -47.92440221], [-72.52256326, -47.92339332], [-72.52220158, -47.91096301], [-72.51114185, -47.8952205], [-72.50470779, -47.89209865], [-72.49968237, -47.88564555], [-72.50078644, -47.88170516], [-72.49796915, -47.87513785], [-72.47687642, -47.87092581], [-72.47325012, -47.85853357], [-72.47262385, -47.83739634], [-72.47486245, -47.83518582], [-72.47007973, -47.82020474], [-72.47084116, -47.81556479], [-72.4681624, -47.81274937], [-72.48030189, -47.80918426], [-72.49593007, -47.79710802], [-72.49471178, -47.79160671], [-72.49996563, -47.78745693], [-72.49987046, -47.77472206], [-72.50456466, -47.7691741], [-72.50271611, -47.76697756], [-72.50558541, -47.76228105], [-72.5129359, -47.76099124], [-72.52236213, -47.75426902], [-72.52431329, -47.74798724], [-72.52333771, -47.74044435], [-72.52033959, -47.7442039], [-72.50828762, -47.74587547], [-72.49800835, -47.75575024], [-72.49543853, -47.75339457], [-72.48968023, -47.75337077], [-72.48659837, -47.75435592], [-72.48442162, -47.75908148], [-72.47537967, -47.75891492], [-72.47321436, -47.75851041], [-72.47201274, -47.74818355], [-72.46775945, -47.74452513], [-72.46606408, -47.73789238], [-72.44194825, -47.74524715], [-72.44188281, -47.73989931], [-72.43552608, -47.73351402], [-72.44755237, -47.71959125], [-72.15579196, -47.72616512], [-72.14905616, -47.63581952], [-72.21544453, -47.63353344], [-72.20863942, -47.54377344], [-72.0760715, -47.54829469]]]}}, {"type": "Feature", "properties": {"nombre": "Los Alerces", "categoria": "PARQUE NACIONAL", "provincia": "CHUBUT"}, "geometry": {"type": "Polygon", "coordinates": [[[-71.6348642, -42.5627811], [-71.6329082, -42.5683204], [-71.6427327, -42.5795123], [-71.622393, -42.5805469], [-71.6271948, -42.6704951], [-71.5667222, -42.6722383], [-71.5911872, -43.1399798], [-71.5833398, -43.1377328], [-71.5726306, -43.1425532], [-71.5730487, -43.1446678], [-71.5663265, -43.1491447], [-71.5772103, -43.1583987], [-71.5802448, -43.168625], [-71.5885068, -43.1663578], [-71.5924382, -43.1726037], [-71.6000194, -43.1723372], [-71.6038432, -43.1748187], [-71.6200862, -43.1723811], [-71.6330372, -43.1786552], [-71.6361899, -43.1707228], [-71.6410237, -43.1663147], [-71.6492907, -43.1685398], [-71.6530777, -43.1778379], [-71.656502, -43.1805364], [-71.660691, -43.1778607], [-71.6604537, -43.1724836], [-71.6641096, -43.1694885], [-71.6713324, -43.173664], [-71.6797774, -43.1741767], [-71.6842099, -43.1693502], [-71.6830616, -43.1654125], [-71.6884388, -43.1650118], [-71.6908566, -43.1688552], [-71.6858869, -43.1743647], [-71.6883833, -43.1759356], [-71.6976766, -43.1670405], [-71.7056848, -43.1679901], [-71.729314, -43.162452], [-71.75424875, -43.17669224], [-71.76053203, -43.16462197], [-71.77204862, -43.16804839], [-71.77724752, -43.16517625], [-71.78371111, -43.16878056], [-71.78897611, -43.15991064], [-71.79945601, -43.15694524], [-71.81507879, -43.14568146], [-71.82311265, -43.15101145], [-71.8325369, -43.14688309], [-71.83526376, -43.14315685], [-71.85733683, -43.14257745], [-71.86070615, -43.1399077], [-71.8537724, -43.13449204], [-71.85277683, -43.12728323], [-71.86021979, -43.12952944], [-71.88637299, -43.12702648], [-71.89268, -43.10702236], [-71.92220435, -43.10081672], [-71.93290241, -43.10213018], [-71.93433008, -43.09714283], [-71.94330248, -43.09242045], [-71.93387323, -43.08048661], [-71.93745194, -43.07131141], [-71.9341778, -43.0629357], [-71.93630979, -43.05277065], [-71.9387654, -43.05271354], [-71.94413346, -43.04599394], [-71.95839859, -43.04030402], [-71.96560842, -43.03994725], [-71.97233874, -43.04556974], [-71.9778686, -43.04570299], [-71.98010054, -43.03670863], [-71.98329853, -43.03507632], [-71.99143239, -43.03504366], [-71.99745632, -43.03854081], [-72.00261975, -43.03740819], [-72.01301323, -43.02961308], [-72.02000885, -43.01758729], [-72.03653182, -43.01302348], [-72.04032944, -43.00306306], [-72.03782862, -42.99869026], [-72.0381512, -42.99256293], [-72.05049047, -42.98460522], [-72.057171, -42.98294343], [-72.05857705, -42.98028809], [-72.05624743, -42.97463632], [-72.06047788, -42.97229816], [-72.0656923, -42.95803213], [-72.07097666, -42.95594705], [-72.07320278, -42.94961034], [-72.08353032, -42.94798636], [-72.08682826, -42.95278335], [-72.09067484, -42.95199861], [-72.09765343, -42.9415659], [-72.10372106, -42.94216077], [-72.10538329, -42.93742631], [-72.11669132, -42.93594622], [-72.11895675, -42.9323788], [-72.11413019, -42.92260703], [-72.13191291, -42.91174602], [-72.1320856, -42.9075498], [-72.14184855, -42.90115246], [-72.14271227, -42.89822232], [-72.13160373, -42.88489941], [-72.11829424, -42.88169935], [-72.12153376, -42.8755462], [-72.13488384, -42.86747493], [-72.13415097, -42.85271752], [-72.1478757, -42.85001921], [-72.15080719, -42.83156411], [-72.15928283, -42.82654345], [-72.15591827, -42.81485078], [-72.1616147, -42.80885454], [-72.16501884, -42.79891264], [-72.16052631, -42.79726538], [-72.14936986, -42.79868801], [-72.14270277, -42.79527756], [-72.13872313, -42.78943558], [-72.14071768, -42.78191703], [-72.13133014, -42.77712662], [-72.13379576, -42.77375447], [-72.13424022, -42.75649194], [-72.13819605, -42.75215676], [-72.1450251, -42.74955839], [-72.1471571, -42.7415634], [-72.13546443, -42.73689965], [-72.12842482, -42.73105074], [-72.13854667, -42.72256045], [-72.13821341, -42.71115855], [-72.15108797, -42.70928364], [-72.15348647, -42.7059857], [-72.17324075, -42.70162177], [-72.17973667, -42.69719122], [-72.17680518, -42.69292723], [-72.17870399, -42.68919623], [-72.17434844, -42.68266055], [-72.17224137, -42.67164057], [-72.16404546, -42.67694044], [-72.15531865, -42.67763681], [-72.14912253, -42.68136781], [-72.13589749, -42.68013524], [-72.13133369, -42.67200701], [-72.12263931, -42.67244791], [-72.11859871, -42.66112116], [-72.10958542, -42.65406112], [-72.10785317, -42.64933075], [-72.09602725, -42.64203532], [-72.1031228, -42.63060915], [-72.11761305, -42.62920927], [-72.11304991, -42.61638474], [-72.11411591, -42.60908931], [-72.11851315, -42.60295982], [-72.10352255, -42.60029483], [-72.09619381, -42.59236646], [-72.09702663, -42.58900191], [-72.09236288, -42.58203961], [-72.07496478, -42.56620642], [-72.06448036, -42.5726455], [-72.05678519, -42.57031362], [-72.05423747, -42.56726758], [-71.66477219, -42.57931333], [-71.6464849, -42.557201], [-71.6348642, -42.5627811]]]}}, {"type": "Feature", "properties": {"nombre": "Colonia Beni­tez", "categoria": "RESERVA NATURAL", "provincia": "CHACO"}, "geometry": {"type": "MultiPolygon", "coordinates": [[[[-58.94882197, -27.31781606], [-58.95046383, -27.31918084], [-58.95258362, -27.31723902], [-58.95093841, -27.3159812], [-58.94882197, -27.31781606]]], [[[-58.94437016, -27.31677], [-58.94441016, -27.31804], [-58.94513016, -27.3174], [-58.94437016, -27.31677]]]]}}, {"type": "Feature", "properties": {"nombre": "Talampaya", "categoria": "PARQUE NACIONAL", "provincia": "LA RIOJA"}, "geometry": {"type": "Polygon", "coordinates": [[[-67.87212647, -29.57093892], [-67.86679054, -29.57674737], [-67.86269757, -29.57598359], [-67.85594363, -29.58428527], [-67.84662166, -29.58431322], [-67.84220702, -29.58066131], [-67.81963242, -29.57962722], [-67.79186532, -29.60928734], [-67.77225367, -29.61571364], [-67.73873562, -29.62171908], [-67.73497531, -29.6187954], [-67.73234088, -29.62194931], [-67.72225102, -29.62104581], [-67.72107059, -29.61718716], [-67.71382482, -29.61606984], [-67.70915276, -29.61858435], [-67.7022558, -29.61707463], [-67.70002495, -29.61206214], [-67.69379794, -29.60868704], [-67.68803924, -29.61128639], [-67.6696531, -29.60389546], [-67.65866644, -29.63468387], [-67.67597633, -30.20063426], [-67.67106829, -30.20385884], [-67.6867436, -30.21496555], [-67.81629481, -30.12756116], [-67.81563236, -30.119249], [-67.82073928, -30.11402804], [-67.8291064, -30.11605938], [-67.83384402, -30.10881444], [-67.84267065, -30.10193993], [-67.85256005, -30.09944466], [-67.86995198, -30.08674143], [-67.8710539, -30.08000418], [-67.88445931, -30.06990736], [-67.88838805, -30.07159107], [-67.88276931, -30.0782893], [-67.88845446, -30.08040309], [-67.90664881, -30.06623038], [-67.90402026, -30.06146409], [-67.91223553, -30.05642198], [-67.90615652, -30.05098449], [-67.9160458, -30.04795099], [-67.9303392, -30.0355438], [-67.92995016, -30.03009152], [-67.94198557, -30.02564021], [-67.95970549, -30.00994587], [-67.96781591, -30.00945777], [-67.97965094, -29.99458884], [-67.98948357, -29.98874075], [-67.99186022, -29.97906954], [-67.99940069, -29.97334834], [-68.01417471, -29.94352442], [-68.04540186, -29.90757088], [-68.07037546, -29.89275363], [-68.0906988, -29.88995008], [-68.10765999, -29.88434179], [-68.12220286, -29.88305113], [-68.14210215, -29.8876802], [-68.16036663, -29.88592179], [-68.16413008, -29.86399907], [-68.17758756, -29.85844759], [-68.18413504, -29.8479971], [-68.18311643, -29.81641268], [-68.19296736, -29.78526522], [-68.25270049, -29.78223615], [-68.25676488, -29.76784572], [-68.2676373, -29.75920913], [-68.2664259, -29.75201445], [-68.25846422, -29.74689106], [-68.27588889, -29.66605555], [-68.25367624, -29.67522866], [-68.2282271, -29.6734399], [-68.21243854, -29.66751468], [-68.20289936, -29.67192728], [-68.18380822, -29.674394], [-68.17285926, -29.68728435], [-68.16362782, -29.69335066], [-68.15987059, -29.69185271], [-68.15383764, -29.69400998], [-68.15029416, -29.69202773], [-68.15040038, -29.69436115], [-68.14087356, -29.69837413], [-68.12566564, -29.69750799], [-68.11924989, -29.70267888], [-68.1049361, -29.70552771], [-68.10446445, -29.70743468], [-67.87589048, -29.74104835], [-67.88554669, -29.71227109], [-67.8843476, -29.69015076], [-67.88155484, -29.68760687], [-67.88396769, -29.6859374], [-67.88790445, -29.67097733], [-67.89499825, -29.66556631], [-67.8996578, -29.6503081], [-67.89771355, -29.63564948], [-67.89486955, -29.63464726], [-67.8977463, -29.63264255], [-67.89362963, -29.6093616], [-67.88904894, -29.60864307], [-67.8925339, -29.60496453], [-67.88987566, -29.60418973], [-67.89135627, -29.60069279], [-67.88421526, -29.5743797], [-67.88152792, -29.56709227], [-67.87070279, -29.56678109], [-67.87212647, -29.57093892]]]}}, {"type": "Feature", "properties": {"nombre": "Laguna de los Pozuelos", "categoria": "MONUMENTO NATURAL", "provincia": "JUJUY"}, "geometry": {"type": "Polygon", "coordinates": [[[-65.98955241, -22.47422686], [-65.99441053, -22.4742716], [-66.06194707, -22.40748748], [-66.04302609, -22.307447], [-66.01024505, -22.21048841], [-65.9338575, -22.27916165], [-65.98955241, -22.47422686]]]}}, {"type": "Feature", "properties": {"nombre": "Calilegua", "categoria": "PARQUE NACIONAL", "provincia": "JUJUY"}, "geometry": {"type": "MultiPolygon", "coordinates": [[[[-64.69220246, -23.45410724], [-64.68756775, -23.45309913], [-64.69150976, -23.46611887], [-64.70346308, -23.46540932], [-64.72373624, -23.47259237], [-64.72804875, -23.47155095], [-64.73519176, -23.48155117], [-64.73828168, -23.49592685], [-64.73303268, -23.49615574], [-64.72674225, -23.49285031], [-64.71498919, -23.48344519], [-64.7096181, -23.48132042], [-64.70686581, -23.48301033], [-64.69468932, -23.47759348], [-64.69067246, -23.47711092], [-64.68844278, -23.48033435], [-64.6799551, -23.48264988], [-64.66944757, -23.49500189], [-64.66710768, -23.49318063], [-64.66682073, -23.5060534], [-64.65472073, -23.51114075], [-64.65488812, -23.51681994], [-64.58335114, -23.58490181], [-64.55127335, -23.61907005], [-64.61270142, -23.71645546], [-64.62341499, -23.7225914], [-64.62614822, -23.71877289], [-64.63429642, -23.71491814], [-64.63720703, -23.71855545], [-64.64456177, -23.71852112], [-64.648489, -23.7140789], [-64.65209961, -23.71487617], [-64.65587616, -23.70664215], [-64.65873718, -23.70726204], [-64.66447639, -23.70104027], [-64.67339134, -23.67363358], [-64.65870094, -23.60474014], [-64.66659546, -23.59470177], [-64.66375542, -23.57436943], [-64.66880417, -23.56846428], [-64.86938858, -23.6831398], [-64.86288834, -23.68721962], [-64.8543396, -23.69924355], [-64.8507061, -23.71510124], [-64.85226059, -23.71520424], [-64.84969711, -23.72268105], [-64.84638596, -23.72446823], [-64.8465786, -23.73028183], [-64.84415627, -23.73382187], [-64.84767723, -23.74202538], [-64.84890366, -23.76022339], [-64.85148621, -23.76570892], [-64.86214447, -23.75869942], [-64.87808418, -23.75330734], [-64.89155388, -23.74329948], [-64.89650726, -23.74369621], [-64.90369987, -23.73923683], [-64.91035461, -23.74011993], [-64.91441917, -23.73531532], [-64.92412758, -23.73394203], [-64.92953491, -23.72675896], [-64.93459511, -23.72629547], [-64.93491936, -23.72255516], [-64.94094276, -23.72453117], [-64.94106674, -23.72142601], [-64.95419884, -23.71121216], [-64.93056552, -23.69939337], [-64.91680019, -23.69767866], [-64.90206421, -23.68130747], [-64.89652507, -23.67899428], [-64.90530014, -23.66594887], [-64.9035244, -23.66114616], [-64.89684868, -23.65703964], [-64.89958191, -23.64595604], [-64.891922, -23.64165497], [-64.88985634, -23.63704109], [-64.89671135, -23.62670326], [-64.89766884, -23.62008476], [-64.89232254, -23.62013817], [-64.8895092, -23.61745834], [-64.89020348, -23.61109924], [-64.89480019, -23.60643387], [-64.89050102, -23.60423088], [-64.89199066, -23.60144806], [-64.88733101, -23.60150528], [-64.88511467, -23.5984211], [-64.86738968, -23.59335709], [-64.86585236, -23.59005547], [-64.85756302, -23.58512497], [-64.85880852, -23.57538605], [-64.86201668, -23.57215691], [-64.8501339, -23.54422569], [-64.84635925, -23.54374504], [-64.8506012, -23.53412819], [-64.84347534, -23.53199959], [-64.84363365, -23.52612495], [-64.83693314, -23.52129173], [-64.84563828, -23.50191689], [-64.84352875, -23.49432945], [-64.84529495, -23.48163796], [-64.83499527, -23.48350334], [-64.83541489, -23.48043251], [-64.83086777, -23.47678375], [-64.82230574, -23.48830454], [-64.81707914, -23.48866238], [-64.80441083, -23.49533255], [-64.79029268, -23.49419908], [-64.78817734, -23.49585568], [-64.76029756, -23.47429639], [-64.75922801, -23.47630205], [-64.75079039, -23.47569164], [-64.75050518, -23.47985549], [-64.74066526, -23.47891809], [-64.73852614, -23.47621485], [-64.73883513, -23.4670365], [-64.7346282, -23.47015416], [-64.7264758, -23.46230537], [-64.72421785, -23.46468186], [-64.71504343, -23.45992884], [-64.71285678, -23.45986343], [-64.71385504, -23.46271962], [-64.71169215, -23.46071375], [-64.70674843, -23.46193472], [-64.6993566, -23.45774849], [-64.69555373, -23.45925293], [-64.6968372, -23.4549576], [-64.6937236, -23.45225387], [-64.69220246, -23.45410724]]], [[[-64.96906175, -23.72076564], [-64.95560315, -23.72474698], [-64.94111121, -23.72549439], [-64.93169739, -23.74897954], [-64.91510189, -23.75010049], [-64.90156439, -23.76619454], [-64.90353419, -23.77807344], [-64.90009918, -23.77975293], [-64.8897372, -23.77808079], [-64.88839026, -23.77511961], [-64.84576853, -23.78565723], [-64.8416394, -23.79860698], [-64.83106399, -23.79591369], [-64.82425631, -23.80768901], [-64.85099819, -23.81212629], [-64.85903217, -23.81168899], [-64.86625265, -23.80811261], [-64.8817454, -23.81991531], [-64.89439877, -23.84678494], [-64.89301988, -23.86279601], [-64.90220993, -23.90687034], [-64.90898701, -23.90614665], [-64.92081626, -23.91419355], [-64.92104104, -23.91969403], [-64.92788974, -23.92645591], [-64.92663597, -23.93101779], [-64.93382773, -23.93766489], [-64.93433264, -23.92288339], [-64.93814479, -23.90816679], [-64.9701376, -23.87941728], [-64.97464453, -23.87195085], [-64.98553999, -23.86856521], [-64.99165038, -23.85651239], [-65.00813369, -23.84548894], [-65.00509217, -23.84081932], [-64.99783243, -23.83646771], [-64.97156418, -23.7986253], [-64.97562221, -23.79933777], [-65.00426833, -23.78637817], [-65.01515614, -23.78848245], [-65.033, -23.78247222], [-65.03462202, -23.76813401], [-65.02905878, -23.76678654], [-65.03008711, -23.74622181], [-65.02410235, -23.73246131], [-65.01181287, -23.72990562], [-64.98757464, -23.71690619], [-64.97922617, -23.709929], [-64.96906175, -23.72076564]]]]}}, {"type": "Feature", "properties": {"nombre": "Los Arrayanes", "categoria": "PARQUE NACIONAL", "provincia": "NEUQUEN"}, "geometry": {"type": "Polygon", "coordinates": [[[-71.66073722, -40.78318107], [-71.6445037, -40.80085157], [-71.62881683, -40.80885753], [-71.61536416, -40.81957861], [-71.60333757, -40.83371483], [-71.60362278, -40.83702363], [-71.59511385, -40.84141114], [-71.60447843, -40.84428804], [-71.60604711, -40.8470929], [-71.60295728, -40.84928636], [-71.60300481, -40.85320564], [-71.61448475, -40.85784375], [-71.61740821, -40.86661572], [-71.62491888, -40.86071993], [-71.62648757, -40.85658538], [-71.63026668, -40.85606404], [-71.63497274, -40.84560059], [-71.64046314, -40.84026035], [-71.65455755, -40.80795803], [-71.65656105, -40.79400511], [-71.66339923, -40.78634843], [-71.66309025, -40.783541], [-71.66073722, -40.78318107]]]}}, {"type": "Feature", "properties": {"nombre": "Nahuel Huapi", "categoria": "PARQUE NACIONAL", "provincia": "NEUQUEN Y RIO NEGRO"}, "geometry": {"type": "Polygon", "coordinates": [[[-71.6366334, -40.18353545], [-71.63023726, -40.18084046], [-71.63454729, -40.19737703], [-71.63117112, -40.20467687], [-71.63469516, -40.22861766], [-71.53509397, -40.32764114], [-71.53565942, -40.35136264], [-71.3979243, -40.47482516], [-71.38809599, -40.48689344], [-71.38101921, -40.50758134], [-71.35968708, -40.49261351], [-71.07809299, -40.72500245], [-71.09381825, -40.72737223], [-71.09743963, -40.73205419], [-71.09751767, -40.7365316], [-71.10155091, -40.73886014], [-71.10135181, -40.74689651], [-71.10982526, -40.75117875], [-71.1101934, -40.75507333], [-71.11962487, -40.75895058], [-71.11753843, -40.76731113], [-71.12302746, -40.77973112], [-71.11872048, -40.78045899], [-71.11735647, -40.78324134], [-71.11830163, -40.80403499], [-71.10025097, -40.8123512], [-71.09799736, -40.81730107], [-71.10113888, -40.82198581], [-71.09169753, -40.82523501], [-71.09079674, -40.83187417], [-71.10100955, -40.8348491], [-71.09978047, -40.84006783], [-71.09247841, -40.84074908], [-71.08754275, -40.84612562], [-71.08567384, -40.85238782], [-71.07724261, -40.85256683], [-71.07291291, -40.849209], [-71.06770441, -40.85076704], [-71.06031217, -40.85772252], [-71.0537061, -40.86877631], [-71.04658722, -40.87056385], [-71.04626978, -40.87856128], [-71.05311454, -40.88184847], [-71.03906511, -40.88619383], [-71.039248, -40.8954078], [-71.03341596, -40.90349283], [-71.03530034, -40.91335477], [-71.03096567, -40.91854921], [-71.03560711, -40.92434196], [-71.03126108, -40.93304397], [-71.0420776, -40.94785734], [-71.03801283, -40.94831581], [-71.0356546, -40.95420376], [-71.03706316, -40.95714186], [-71.04999422, -40.96258348], [-71.05577665, -40.97648554], [-71.06077455, -40.98191092], [-71.06893066, -40.98001337], [-71.07293009, -40.98370161], [-71.08207075, -40.983764], [-71.10119112, -40.99078551], [-71.10023842, -40.99284099], [-71.08986523, -40.99414417], [-71.08799557, -40.99720628], [-71.09181316, -41.00015946], [-71.10102482, -41.00133213], [-71.10755318, -41.0075131], [-71.11438973, -41.00735527], [-71.1184818, -41.01799703], [-71.12522293, -41.02432523], [-71.12568572, -41.03848237], [-71.1325275, -41.04973386], [-71.14325756, -41.05701166], [-71.15241821, -41.0557363], [-71.16455948, -41.06513755], [-71.166149, -41.06929657], [-71.18318753, -41.07830221], [-71.18757247, -41.0844925], [-71.18899714, -41.10166759], [-71.22497377, -41.11066005], [-71.23688167, -41.11809857], [-71.24974585, -41.12041307], [-71.25808034, -41.12849507], [-71.28437764, -41.12789686], [-71.29233086, -41.13272457], [-71.33419997, -41.13194781], [-71.3787074, -41.11833377], [-71.39212312, -41.11911423], [-71.39709929, -41.12166087], [-71.41134674, -41.11251901], [-71.41916283, -41.11192855], [-71.42148434, -41.10847455], [-71.42938698, -41.10985297], [-71.43764673, -41.10603407], [-71.4414575, -41.09872741], [-71.44518862, -41.09763183], [-71.44513235, -41.09136189], [-71.45203119, -41.0878476], [-71.45340948, -41.08394333], [-71.45187951, -41.08354936], [-71.45933893, -41.07759077], [-71.45979117, -41.0743704], [-71.46464132, -41.07490863], [-71.47164189, -41.06917276], [-71.48318825, -41.06655036], [-71.48535027, -41.06230633], [-71.49116324, -41.05936744], [-71.48853874, -41.05742232], [-71.47593611, -41.05755905], [-71.46434933, -41.06891343], [-71.45012597, -41.06910423], [-71.43523664, -41.08864108], [-71.42137864, -41.09160146], [-71.42237155, -41.08522592], [-71.43398335, -41.07213578], [-71.47114726, -41.04685455], [-71.47390618, -41.0531833], [-71.4832637, -41.05419239], [-71.5065802, -41.04443369], [-71.52047308, -41.04210767], [-71.52751113, -41.04593931], [-71.53039315, -41.05487101], [-71.5303463, -41.05188033], [-71.53333216, -41.05343926], [-71.53349168, -41.05014006], [-71.5361486, -41.05004766], [-71.5385651, -41.04536538], [-71.54306022, -41.04533173], [-71.549782, -41.03834598], [-71.55590087, -41.03981341], [-71.56068512, -41.03720217], [-71.56426894, -41.04103124], [-71.56469519, -41.03835171], [-71.56742033, -41.03815573], [-71.56691967, -41.04181463], [-71.5795418, -41.0381232], [-71.5821274, -41.0465112], [-71.579081, -41.0570055], [-71.5758988, -41.0619565], [-71.570553, -41.0618013], [-71.5696853, -41.0642955], [-71.57227, -41.0662225], [-71.5635497, -41.0714103], [-71.5718713, -41.0751796], [-71.5738513, -41.0719], [-71.5783695, -41.0712076], [-71.5805272, -41.066704], [-71.5816846, -41.0721865], [-71.58800556, -41.07820083], [-71.57022081, -41.09229092], [-71.58131735, -41.10681269], [-71.54781438, -41.12145426], [-71.53499374, -41.10786147], [-71.51437052, -41.11686437], [-71.51970737, -41.13945797], [-71.450727, -41.1441787], [-71.45705, -41.15202], [-71.47378, -41.15631], [-71.48274, -41.16162], [-71.48651, -41.17024], [-71.48608, -41.17478], [-71.4754, -41.17979], [-71.47518, -41.183], [-71.46518, -41.18853], [-71.43886, -41.19928], [-71.43017, -41.19927], [-71.43021, -41.18216], [-71.42425, -41.18215], [-71.42428, -41.17315], [-71.4157932, -41.1731302], [-71.4148541, -41.1661433], [-71.4097311, -41.1607884], [-71.4038505, -41.1646268], [-71.4021069, -41.1696941], [-71.3927203, -41.1736756], [-71.3881208, -41.1812923], [-71.3914047, -41.1859781], [-71.3538415, -41.1883778], [-71.3434166, -41.2065033], [-71.3350009, -41.1972039], [-71.325628, -41.1984073], [-71.3187969, -41.1951035], [-71.3229327, -41.1889818], [-71.3104035, -41.1889089], [-71.3104683, -41.1826063], [-71.2788708, -41.1824173], [-71.2792745, -41.1861401], [-71.2431009, -41.1859268], [-71.2508782, -41.1734085], [-71.2451964, -41.165404], [-71.2313581, -41.1638064], [-71.2296421, -41.160806], [-71.2203026, -41.1587314], [-71.205343, -41.1506892], [-71.1734506, -41.1421895], [-71.1718904, -41.1355582], [-71.1593566, -41.1304195], [-71.1596103, -41.1274007], [-71.1546157, -41.1241604], [-71.143185, -41.1199379], [-71.1396677, -41.1119024], [-71.1342256, -41.1126722], [-71.1314714, -41.1223149], [-71.1250696, -41.1187443], [-71.1233605, -41.121531], [-71.1214655, -41.1203425], [-71.115583, -41.1243977], [-71.119664, -41.1264519], [-71.1178082, -41.1294722], [-71.1116728, -41.1309423], [-71.113619, -41.1345518], [-71.1110718, -41.138796], [-71.1130113, -41.1389238], [-71.1144391, -41.1437891], [-71.1115349, -41.1487339], [-71.120715, -41.1516584], [-71.129464, -41.1659038], [-71.1414758, -41.1715482], [-71.1447504, -41.1770816], [-71.1544632, -41.1828204], [-71.1523706, -41.1875012], [-71.1589214, -41.1929228], [-71.1557959, -41.2000571], [-71.1591682, -41.2051618], [-71.1575125, -41.2060528], [-71.156853, -41.2131826], [-71.1590973, -41.2153665], [-71.1573929, -41.2177021], [-71.1635611, -41.2322872], [-71.1663878, -41.2334366], [-71.1657193, -41.2389633], [-71.1730402, -41.2488092], [-71.1922698, -41.2526428], [-71.1947571, -41.2571758], [-71.205165, -41.262441], [-71.2200255, -41.2818747], [-71.2243624, -41.2821298], [-71.2304666, -41.2864897], [-71.2343519, -41.4156195], [-71.2382001, -41.4229197], [-71.2478187, -41.4260941], [-71.2558791, -41.4229902], [-71.264577, -41.4249093], [-71.2712185, -41.428717], [-71.2716356, -41.4325464], [-71.2824558, -41.4438272], [-71.2954546, -41.4485471], [-71.2968943, -41.4525538], [-71.3090835, -41.4565767], [-71.3244596, -41.4555618], [-71.3562423, -41.4601419], [-71.375859, -41.4691588], [-71.3837722, -41.4762186], [-71.3867549, -41.4736424], [-71.3938812, -41.4750202], [-71.3972671, -41.4795446], [-71.4035422, -41.4806732], [-71.4036904, -41.4833018], [-71.4136044, -41.4859768], [-71.4319549, -41.4962731], [-71.4328862, -41.4990399], [-71.43926, -41.5001868], [-71.4429858, -41.5056241], [-71.4410794, -41.5104609], [-71.4437317, -41.5158157], [-71.4476008, -41.516656], [-71.4450924, -41.5185568], [-71.4508584, -41.5228173], [-71.4451418, -41.5262282], [-71.4443533, -41.5323313], [-71.4372626, -41.536007], [-71.4369942, -41.545077], [-71.4336046, -41.5466147], [-71.4319711, -41.5595922], [-71.4376709, -41.5653172], [-71.4415277, -41.5649346], [-71.4514306, -41.5702129], [-71.4534264, -41.5750652], [-71.4496133, -41.5766999], [-71.4496978, -41.5794156], [-71.4569893, -41.5860193], [-71.4677139, -41.5822313], [-71.4680208, -41.5797981], [-71.4771623, -41.5781932], [-71.4843624, -41.5849526], [-71.4825732, -41.5879436], [-71.4857446, -41.5899414], [-71.4979148, -41.5825298], [-71.5007803, -41.5774003], [-71.5133103, -41.5705675], [-71.5176897, -41.5766547], [-71.5216584, -41.5774848], [-71.5212969, -41.6005515], [-71.5264228, -41.5961942], [-71.5408467, -41.5950946], [-71.5568407, -41.6026447], [-71.559989, -41.5963455], [-71.5657533, -41.5943782], [-71.5737364, -41.6009916], [-71.579889, -41.5967597], [-71.5945126, -41.5987885], [-71.6009841, -41.5973857], [-71.6103628, -41.6017529], [-71.6105777, -41.5983572], [-71.6246838, -41.591056], [-71.6268218, -41.5871249], [-71.6468878, -41.5803736], [-71.6593575, -41.5843583], [-71.6674675, -41.5799662], [-71.6717938, -41.5818561], [-71.6728495, -41.5855694], [-71.6942759, -41.5869912], [-71.7032878, -41.593829], [-71.7115044, -41.5926041], [-71.72867, -41.5987986], [-71.7317262, -41.5978807], [-71.7363106, -41.5895797], [-71.7486844, -41.5929769], [-71.7554882, -41.5891718], [-71.7746444, -41.5916302], [-71.778564, -41.5861628], [-71.7702568, -41.5853825], [-71.7728149, -41.5813132], [-71.7696101, -41.5764684], [-71.7722977, -41.5680193], [-71.7791938, -41.558356], [-71.7865868, -41.5536435], [-71.8029061, -41.5293481], [-71.8081205, -41.5262604], [-71.8080193, -41.5238155], [-71.8203555, -41.5231835], [-71.8280658, -41.5137018], [-71.84592029, -41.50747511], [-71.83744284, -41.49872626], [-71.83973293, -41.49447065], [-71.8292062, -41.48441029], [-71.82797364, -41.48057936], [-71.83779795, -41.47424388], [-71.83646831, -41.46692125], [-71.84187042, -41.46225281], [-71.84336399, -41.45169747], [-71.83647142, -41.44423197], [-71.82700758, -41.4435026], [-71.83603525, -41.44087092], [-71.83603525, -41.43167669], [-71.84944996, -41.42891006], [-71.86320762, -41.42201299], [-71.87018698, -41.40940516], [-71.86483795, -41.39825977], [-71.86634958, -41.39360056], [-71.87465085, -41.38936534], [-71.88000768, -41.38254083], [-71.88647074, -41.37999312], [-71.89110733, -41.36676041], [-71.90897489, -41.36204723], [-71.91124489, -41.35674341], [-71.90788747, -41.3458312], [-71.91208009, -41.34057021], [-71.90234333, -41.33726038], [-71.90033744, -41.3317781], [-71.88165319, -41.32414363], [-71.88615037, -41.31518258], [-71.88251932, -41.3101524], [-71.87615664, -41.30825359], [-71.8768562, -41.29672749], [-71.88984805, -41.29202567], [-71.8926463, -41.28223181], [-71.89154699, -41.27880063], [-71.89654386, -41.27890057], [-71.89728816, -41.27084401], [-71.88820556, -41.26526944], [-71.89684843, -41.25497748], [-71.88470842, -41.26000766], [-71.87057885, -41.25874827], [-71.86635326, -41.25551047], [-71.86312195, -41.25787566], [-71.85622628, -41.25730935], [-71.84956379, -41.26117359], [-71.84616461, -41.2695147], [-71.84093586, -41.26980151], [-71.83643612, -41.27348703], [-71.83444406, -41.27202615], [-71.85107222, -41.25013056], [-71.85639284, -41.24774867], [-71.84702162, -41.24283986], [-71.85142928, -41.23595607], [-71.85932433, -41.2336242], [-71.85639284, -41.22799439], [-71.85745884, -41.21983284], [-71.85402766, -41.21460279], [-71.87441487, -41.20584162], [-71.87264931, -41.19751351], [-71.87907862, -41.18702008], [-71.88067761, -41.17552729], [-71.88750667, -41.16813193], [-71.87956403, -41.16275435], [-71.86034216, -41.16271745], [-71.83936423, -41.15040495], [-71.83963073, -41.13358216], [-71.84376147, -41.12905167], [-71.83623286, -41.11822512], [-71.84536047, -41.11099632], [-71.84649309, -41.10609939], [-71.84396135, -41.10320121], [-71.8521229, -41.09897053], [-71.84799215, -41.09590578], [-71.84925803, -41.09340735], [-71.84625991, -41.08664492], [-71.84959115, -41.08314712], [-71.83976398, -41.07745069], [-71.82952129, -41.07529562], [-71.82900406, -41.07032182], [-71.82251615, -41.06839995], [-71.81794433, -41.06229353], [-71.83594828, -41.05037722], [-71.83296824, -41.04313887], [-71.83936423, -41.03584344], [-71.84379479, -41.03507726], [-71.84762572, -41.03077995], [-71.85725541, -41.03402467], [-71.86001082, -41.03271121], [-71.86521315, -41.0161494], [-71.87435097, -41.01059027], [-71.87455944, -41.00683786], [-71.87135317, -41.00418885], [-71.87550596, -40.99899525], [-71.8982984, -40.98391611], [-71.9063367, -40.98610893], [-71.90512318, -40.98032684], [-71.90848642, -40.97224714], [-71.90450797, -40.96173468], [-71.89910404, -40.96085468], [-71.88720373, -40.96811124], [-71.87371219, -40.96034944], [-71.85643522, -40.96002236], [-71.85433178, -40.94647847], [-71.86178171, -40.93469664], [-71.86056818, -40.92991393], [-71.86282391, -40.92660172], [-71.86239561, -40.92114799], [-71.85931183, -40.91799283], [-71.86566499, -40.90791343], [-71.86483694, -40.90297367], [-71.86904858, -40.89296566], [-71.86103932, -40.88735965], [-71.85818396, -40.87947887], [-71.86221059, -40.8778123], [-71.87244201, -40.88182312], [-71.87891415, -40.88173984], [-71.90827757, -40.85803577], [-71.91056812, -40.85118042], [-71.90763781, -40.84644529], [-71.91298559, -40.84399272], [-71.91476405, -40.83847648], [-71.92558718, -40.83570959], [-71.9277038, -40.83262538], [-71.92400238, -40.82706148], [-71.93269528, -40.8249302], [-71.9351374, -40.82191543], [-71.92961408, -40.81803096], [-71.93111314, -40.81306978], [-71.9255095, -40.81038099], [-71.92798414, -40.80817999], [-71.92807536, -40.7950874], [-71.92135576, -40.78575991], [-71.93105411, -40.77637053], [-71.94186195, -40.77121546], [-71.94207611, -40.76580457], [-71.94811111, -40.76756111], [-71.95319771, -40.76476236], [-71.95849439, -40.75753832], [-71.95524152, -40.75164125], [-71.95779483, -40.74881521], [-71.95683688, -40.74643348], [-71.96568588, -40.74558762], [-71.9611736, -40.73062459], [-71.96504576, -40.72757558], [-71.95853095, -40.72460275], [-71.96270266, -40.7222834], [-71.96278346, -40.7198595], [-71.95963653, -40.71813444], [-71.9495732, -40.7198595], [-71.93529489, -40.70505099], [-71.93481788, -40.7012137], [-71.92579731, -40.69786104], [-71.92042928, -40.68891664], [-71.89980244, -40.68156187], [-71.88418702, -40.66650327], [-71.87299668, -40.66654367], [-71.86687867, -40.66316106], [-71.86595755, -40.65262173], [-71.86808154, -40.64889633], [-71.86129462, -40.64280964], [-71.85439997, -40.64447944], [-71.8528379, -40.63699228], [-71.84325003, -40.62638098], [-71.83757295, -40.60977002], [-71.84110963, -40.60328172], [-71.84064486, -40.59789857], [-71.83543968, -40.59427776], [-71.82382596, -40.57791083], [-71.84027222, -40.58704722], [-71.84475823, -40.58576718], [-71.84545847, -40.58258918], [-71.85289177, -40.59162943], [-71.85599641, -40.5924178], [-71.86553196, -40.58387295], [-71.86747108, -40.57518281], [-71.87533667, -40.57024123], [-71.87716668, -40.56419446], [-71.88553948, -40.56304748], [-71.89042007, -40.5560525], [-71.88780821, -40.55205422], [-71.86797381, -40.55737163], [-71.85879515, -40.55522914], [-71.86083702, -40.53983885], [-71.85897913, -40.53499315], [-71.85373691, -40.53115489], [-71.85127583, -40.52566118], [-71.84276898, -40.52532939], [-71.84441819, -40.52006172], [-71.85210202, -40.5201155], [-71.85565429, -40.50940038], [-71.84472255, -40.49680616], [-71.84558268, -40.49253332], [-71.84074868, -40.48931051], [-71.84099147, -40.48471059], [-71.84680591, -40.47886015], [-71.84556882, -40.4705016], [-71.83574734, -40.46308417], [-71.84043696, -40.45823736], [-71.84152715, -40.45191712], [-71.83568404, -40.44558814], [-71.8313439, -40.44441745], [-71.8279015, -40.43749545], [-71.81989274, -40.43283456], [-71.82495743, -40.42189823], [-71.81073777, -40.41120969], [-71.80846405, -40.40659337], [-71.79337246, -40.40730833], [-71.7828838, -40.41079186], [-71.77970484, -40.41846324], [-71.77289006, -40.42299373], [-71.76573264, -40.41764471], [-71.75895594, -40.41642642], [-71.75497617, -40.42135264], [-71.75571947, -40.4294392], [-71.74949282, -40.43592769], [-71.74368694, -40.43611805], [-71.73685313, -40.44081986], [-71.72403497, -40.42751868], [-71.70943698, -40.42576977], [-71.70536205, -40.41891575], [-71.70769392, -40.41511814], [-71.70042943, -40.41246028], [-71.69262004, -40.40565026], [-71.69258775, -40.39539209], [-71.68822279, -40.39351501], [-71.69138367, -40.39149973], [-71.69146805, -40.38707829], [-71.68677174, -40.38465439], [-71.69348124, -40.38122052], [-71.69309909, -40.37372955], [-71.68528711, -40.37329236], [-71.66395678, -40.36714171], [-71.66132079, -40.36359676], [-71.65682366, -40.36379605], [-71.65611692, -40.34972848], [-71.67368607, -40.34365965], [-71.66904731, -40.3380001], [-71.66928459, -40.33421385], [-71.67722286, -40.32612408], [-71.67274856, -40.3209822], [-71.67164789, -40.3110959], [-71.6787984, -40.30458167], [-71.68497934, -40.2940074], [-71.69931066, -40.28925049], [-71.70240113, -40.28346343], [-71.70973343, -40.2843118], [-71.71624766, -40.27891862], [-71.71964112, -40.28840213], [-71.72710073, -40.29218793], [-71.72085747, -40.27883247], [-71.7222554, -40.22316933], [-71.71387068, -40.2115454], [-71.71037234, -40.21055816], [-71.70993685, -40.20757912], [-71.71307454, -40.20544449], [-71.71167806, -40.20247455], [-71.71541095, -40.20307134], [-71.71488077, -40.19716567], [-71.71983928, -40.19654059], [-71.71678524, -40.19591873], [-71.71748152, -40.19208816], [-71.71461167, -40.19056556], [-71.71806082, -40.18886725], [-71.71251823, -40.18931001], [-71.71200907, -40.18674134], [-71.70853372, -40.18671517], [-71.71245939, -40.18150157], [-71.71040275, -40.18047294], [-71.71046789, -40.15876906], [-71.70279166, -40.14399529], [-71.70134415, -40.14290285], [-71.67030362, -40.15560858], [-71.65587309, -40.17427108], [-71.6639675, -40.17804828], [-71.65861369, -40.18241205], [-71.6366334, -40.18353545]], [[-71.46236885, -40.64060267], [-71.44719457, -40.6478192], [-71.41727725, -40.6563012], [-71.38516654, -40.67154722], [-71.37707389, -40.66165909], [-71.4088943, -40.6488954], [-71.4258623, -40.6490265], [-71.4384207, -40.6458228], [-71.45486574, -40.63570708], [-71.46236885, -40.64060267]], [[-71.7312589, -40.6815677], [-71.72397484, -40.69075186], [-71.71935725, -40.69229543], [-71.71798285, -40.70045178], [-71.71413006, -40.70067372], [-71.70972513, -40.70625966], [-71.70609913, -40.71584419], [-71.69931499, -40.71545256], [-71.6937572, -40.72282915], [-71.67723623, -40.73327511], [-71.66780263, -40.74400534], [-71.66909533, -40.75263116], [-71.66677589, -40.76636701], [-71.66864421, -40.77110514], [-71.66359053, -40.78083441], [-71.66068605, -40.78142028], [-71.66339923, -40.78634843], [-71.65656105, -40.79400511], [-71.65455755, -40.80795803], [-71.64046314, -40.84026035], [-71.63497274, -40.84560059], [-71.63026668, -40.85606404], [-71.62648757, -40.85658538], [-71.61907196, -40.8659327], [-71.6148888, -40.86334434], [-71.61448475, -40.85784375], [-71.60300481, -40.85320564], [-71.60295728, -40.84928636], [-71.60604711, -40.8470929], [-71.60447843, -40.84428804], [-71.59511385, -40.84141114], [-71.60362278, -40.83702363], [-71.60333757, -40.83371483], [-71.62125862, -40.81443414], [-71.64535934, -40.80011389], [-71.64669035, -40.79640739], [-71.66000041, -40.7850707], [-71.65857363, -40.78309324], [-71.65430624, -40.78201335], [-71.64909555, -40.78621997], [-71.64106246, -40.7880543], [-71.63271065, -40.78165337], [-71.62745431, -40.7808626], [-71.62492481, -40.78563354], [-71.62813995, -40.7892631], [-71.62739519, -40.79144146], [-71.62070248, -40.78742932], [-71.61477571, -40.78833767], [-71.6159445, -40.79738943], [-71.61256087, -40.80178604], [-71.59850735, -40.80340837], [-71.59205031, -40.81085599], [-71.59154793, -40.80315195], [-71.59755169, -40.7998787], [-71.59067114, -40.79926984], [-71.58703556, -40.8021615], [-71.57828453, -40.81561713], [-71.57796468, -40.81880326], [-71.58183179, -40.82337064], [-71.57992183, -40.82640255], [-71.57406489, -40.8253139], [-71.56221912, -40.83399256], [-71.53874085, -40.83903375], [-71.53442804, -40.83093294], [-71.53586257, -40.81915329], [-71.56556734, -40.81916163], [-71.58323554, -40.80074599], [-71.5829073, -40.763735], [-71.590511, -40.7546704], [-71.5839877, -40.7466371], [-71.5861445, -40.7394678], [-71.611355, -40.7330981], [-71.6113449, -40.7283486], [-71.62168121, -40.72834587], [-71.6216847, -40.7323906], [-71.6341177, -40.7323857], [-71.6341138, -40.7273429], [-71.6468697, -40.7273365], [-71.6468575, -40.7146293], [-71.6510313, -40.7146269], [-71.650558, -40.7222512], [-71.6565649, -40.7329222], [-71.6637465, -40.7399945], [-71.669133, -40.739561], [-71.6716982, -40.7358837], [-71.6707934, -40.731253], [-71.6956727, -40.705099], [-71.7239442, -40.6810934], [-71.7312589, -40.6815677]]]}}, {"type": "Feature", "properties": {"nombre": "Pizarro", "categoria": "RESERVA NACIONAL", "provincia": "SALTA"}, "geometry": {"type": "MultiPolygon", "coordinates": [[[[-63.92059856, -24.17894377], [-63.92635231, -24.20960814], [-63.9843802, -24.19925401], [-63.98648124, -24.16713997], [-63.92059856, -24.17894377]]], [[[-63.99573679, -24.17624214], [-63.99658983, -24.16561254], [-63.98720069, -24.16702513], [-63.98662695, -24.17573744], [-63.99573679, -24.17624214]]], [[[-63.99698791, -24.16555264], [-63.9958861, -24.18230201], [-64.00252514, -24.18266948], [-64.00325564, -24.18018977], [-64.11757124, -24.17337149], [-64.12177811, -24.21730342], [-64.13384828, -24.21883567], [-64.13391504, -24.2363061], [-64.15393638, -24.23469488], [-64.16323858, -24.23911438], [-64.15888227, -24.23530175], [-64.16423302, -24.23475808], [-64.16487778, -24.23772616], [-64.16796163, -24.23607397], [-64.16580163, -24.23235706], [-64.16573909, -24.21947767], [-64.15516995, -24.2036882], [-64.1583506, -24.17836099], [-64.15559143, -24.15494325], [-63.99698791, -24.16555264]]]]}}, {"type": "Feature", "properties": {"nombre": "El Rey", "categoria": "PARQUE NACIONAL", "provincia": "SALTA"}, "geometry": {"type": "Polygon", "coordinates": [[[-64.54702276, -24.56168675], [-64.54754879, -24.58476831], [-64.53189568, -24.59003759], [-64.53920084, -24.61095713], [-64.53064024, -24.61479031], [-64.53147905, -24.61678065], [-64.52734449, -24.61738502], [-64.52164954, -24.62255414], [-64.51469228, -24.62031742], [-64.51297776, -24.62170947], [-64.50362296, -24.63762205], [-64.50463979, -24.65718571], [-64.49675514, -24.65877869], [-64.49831252, -24.6640242], [-64.50899368, -24.6690262], [-64.51451046, -24.67543322], [-64.51887374, -24.68660489], [-64.52408435, -24.69026225], [-64.53003347, -24.70006411], [-64.5305175, -24.71005113], [-64.53672455, -24.72250607], [-64.54216561, -24.72784876], [-64.54901669, -24.74478188], [-64.55472, -24.74397], [-64.55459, -24.74762], [-64.55732, -24.74612], [-64.55805, -24.74895], [-64.56923, -24.75132], [-64.57234, -24.75989], [-64.57125, -24.76289], [-64.5744, -24.76539], [-64.57296, -24.76763], [-64.57477, -24.76705], [-64.5762, -24.77076], [-64.57639, -24.76905], [-64.58026, -24.76871], [-64.58178, -24.76919], [-64.57991, -24.7696], [-64.58339, -24.77262], [-64.58483, -24.77098], [-64.58313, -24.77357], [-64.58833, -24.77568], [-64.58746, -24.77773], [-64.58333, -24.77771], [-64.58461, -24.77958], [-64.58249, -24.77887], [-64.58201, -24.78123], [-64.58444, -24.78677], [-64.58709, -24.78598], [-64.58586, -24.78908], [-64.58854, -24.79022], [-64.59446, -24.78762], [-64.59571, -24.79174], [-64.59903, -24.79359], [-64.60173, -24.78996], [-64.60413, -24.79328], [-64.60812, -24.79016], [-64.60677763, -24.79438766], [-64.61133, -24.79351], [-64.61329, -24.79648], [-64.61955, -24.79428], [-64.62452, -24.79863], [-64.63439, -24.80033], [-64.63798, -24.8061], [-64.64261, -24.80812], [-64.66012, -24.80833], [-64.66902, -24.81213], [-64.67751311, -24.81148472], [-64.6789028, -24.81426999], [-64.68398499, -24.81574091], [-64.6996314, -24.81586522], [-64.7043206, -24.80933356], [-64.70519562, -24.79658319], [-64.70257055, -24.78845796], [-64.72891228, -24.75712027], [-64.74019868, -24.75442061], [-64.74384959, -24.74994826], [-64.75282907, -24.749236], [-64.75744124, -24.74448701], [-64.76502928, -24.7448679], [-64.76823615, -24.73710091], [-64.76179953, -24.72664736], [-64.76298662, -24.72215691], [-64.75143711, -24.71480366], [-64.75117526, -24.70939943], [-64.7487, -24.70705], [-64.7313, -24.70546], [-64.72321136, -24.69789158], [-64.71847477, -24.6877485], [-64.71737193, -24.67418585], [-64.71378102, -24.66946275], [-64.71479359, -24.65736304], [-64.70253022, -24.6446125], [-64.70594612, -24.63492255], [-64.69439707, -24.6359797], [-64.68647805, -24.62786818], [-64.68067727, -24.62874302], [-64.67784266, -24.62536867], [-64.66344598, -24.62020822], [-64.65643027, -24.6190949], [-64.65375511, -24.62251001], [-64.64998726, -24.62304941], [-64.6405814, -24.61828381], [-64.61097502, -24.61896861], [-64.60583984, -24.61323723], [-64.59192707, -24.6122718], [-64.58030607, -24.60350279], [-64.57213803, -24.6035407], [-64.5612768, -24.58559268], [-64.561242, -24.57720989], [-64.55796987, -24.57501489], [-64.55510174, -24.56382516], [-64.55009939, -24.55830822], [-64.54806301, -24.54694484], [-64.54384272, -24.53986509], [-64.54131206, -24.54597216], [-64.54702276, -24.56168675]]]}}, {"type": "Feature", "properties": {"nombre": "Monte Leon", "categoria": "PARQUE NACIONAL", "provincia": "SANTA CRUZ"}, "geometry": {"type": "Polygon", "coordinates": [[[-68.97818936, -50.20136224], [-68.71351507, -50.20178081], [-68.63549789, -50.25148263], [-68.65919169, -50.25714383], [-68.65933446, -50.26195034], [-68.6670915, -50.25961847], [-68.66909025, -50.26666167], [-68.67275462, -50.27013569], [-68.68969638, -50.27156336], [-68.69164754, -50.2762747], [-68.70340208, -50.27498979], [-68.71120671, -50.27941559], [-68.71539456, -50.27832103], [-68.71943964, -50.28336549], [-68.73733319, -50.28955209], [-68.75413219, -50.28645879], [-68.77325859, -50.28814821], [-68.81915839, -50.31266141], [-68.85005332, -50.31962848], [-68.86744242, -50.32665264], [-68.88074836, -50.3366321], [-68.87836414, -50.3424713], [-68.87496627, -50.34432728], [-68.87910653, -50.34324225], [-68.87809288, -50.34658301], [-68.88464592, -50.35109447], [-68.8839178, -50.35410687], [-68.88060559, -50.35487781], [-68.87930641, -50.3608455], [-68.88504567, -50.35773316], [-68.89536777, -50.36168783], [-68.90286307, -50.36165928], [-68.92542036, -50.37873429], [-68.92452093, -50.38368833], [-68.95019055, -50.40034931], [-68.98278441, -50.43234354], [-69.00975725, -50.47291597], [-69.19918626, -50.47279332], [-69.19859922, -50.38216077], [-69.15451701, -50.38218539], [-69.15448436, -50.29177369], [-69.17809608, -50.29176269], [-69.15807638, -50.27870442], [-69.09379294, -50.26485359], [-69.05737552, -50.26003366], [-68.99231701, -50.23913427], [-68.97810355, -50.23173324], [-68.97818936, -50.20136224]]]}}, {"type": "Feature", "properties": {"nombre": "Copo", "categoria": "PARQUE NACIONAL", "provincia": "SANTIAGO DEL ESTERO"}, "geometry": {"type": "Polygon", "coordinates": [[[-61.71227456, -25.65509608], [-61.71242898, -25.97447527], [-62.06802619, -25.97245764], [-62.07590959, -25.88746731], [-61.99781626, -25.65529022], [-61.71227456, -25.65509608]]]}}, {"type": "Feature", "properties": {"nombre": "Campos del Tuyu", "categoria": "PARQUE NACIONAL", "provincia": "BUENOS AIRES"}, "geometry": {"type": "Polygon", "coordinates": [[[-56.86235558, -36.32869139], [-56.85398224, -36.33013827], [-56.85706191, -36.33704277], [-56.85258209, -36.34376015], [-56.84678794, -36.34277189], [-56.84529391, -36.34534219], [-56.8424322, -36.34402986], [-56.83877079, -36.34663026], [-56.83607866, -36.34581661], [-56.83785898, -36.34248958], [-56.8354647, -36.3402755], [-56.83083333, -36.34177936], [-56.83017039, -36.34568196], [-56.82466255, -36.34622663], [-56.82413794, -36.34843461], [-56.82864, -36.34836854], [-56.83227582, -36.35238031], [-56.82752425, -36.35487655], [-56.83104553, -36.35724552], [-56.82734462, -36.35837557], [-56.8277319, -36.36065146], [-56.83167733, -36.362496], [-56.8336533, -36.36155398], [-56.83249011, -36.35883215], [-56.83520142, -36.35805252], [-56.84261981, -36.36108988], [-56.84618803, -36.35892613], [-56.84537722, -36.36213059], [-56.84905897, -36.36184251], [-56.8490084, -36.36486936], [-56.85202576, -36.36545547], [-56.85286223, -36.36819039], [-56.85748721, -36.36760408], [-56.85760298, -36.37089831], [-56.86031893, -36.37214173], [-56.86228007, -36.37065618], [-56.86112696, -36.36590259], [-56.86434321, -36.36631117], [-56.86606744, -36.36951869], [-56.86963219, -36.37020062], [-56.86963096, -36.37486896], [-56.86738194, -36.37698168], [-56.8646404, -36.3730168], [-56.8619561, -36.3737917], [-56.86138343, -36.38065852], [-56.8687217, -36.37795038], [-56.86631274, -36.38412287], [-56.8719801, -36.38154816], [-56.87409738, -36.38550187], [-56.86924445, -36.38728111], [-56.88163932, -36.38542259], [-56.878851, -36.37940541], [-56.89458289, -36.3784647], [-56.89589729, -36.3815036], [-56.89692774, -36.37949096], [-56.8990628, -36.38073956], [-56.90085729, -36.37259826], [-56.90566137, -36.37172616], [-56.89997829, -36.3689731], [-56.9018334, -36.36517945], [-56.91095119, -36.36553954], [-56.91068448, -36.36992925], [-56.91396948, -36.36834921], [-56.91340877, -36.36418916], [-56.91848292, -36.36746845], [-56.9197368, -36.36037178], [-56.91704466, -36.35270927], [-56.90681545, -36.33816046], [-56.88773253, -36.33121362], [-56.86235558, -36.32869139]]]}}, {"type": "Feature", "properties": {"nombre": "Baritu", "categoria": "PARQUE NACIONAL", "provincia": "SALTA"}, "geometry": {"type": "Polygon", "coordinates": [[[-64.5263357, -22.44100018], [-64.51612806, -22.44813767], [-64.49949977, -22.43949028], [-64.49540003, -22.43510987], [-64.49210026, -22.43595024], [-64.48848078, -22.45970115], [-64.49140258, -22.47789279], [-64.48406872, -22.47899425], [-64.49147168, -22.50328912], [-64.49701492, -22.50790414], [-64.49802676, -22.5152654], [-64.50218423, -22.51771249], [-64.50351478, -22.52228632], [-64.49256513, -22.54081888], [-64.50245024, -22.54481137], [-64.50049844, -22.55017744], [-64.50428567, -22.55955731], [-64.50245098, -22.57993036], [-64.50828491, -22.59259314], [-64.5039419, -22.60023908], [-64.5036803, -22.60685451], [-64.50799758, -22.61143853], [-64.51748297, -22.61385028], [-64.524624, -22.62701411], [-64.53091041, -22.63505739], [-64.53408863, -22.63580476], [-64.53612017, -22.63971386], [-64.5325642, -22.64648049], [-64.54503021, -22.64991349], [-64.54714595, -22.662331], [-64.55686676, -22.6644047], [-64.57263072, -22.67206682], [-64.58006343, -22.67819512], [-64.5803518, -22.6826837], [-64.58320009, -22.68484021], [-64.58591984, -22.68217496], [-64.58579853, -22.67482626], [-64.59504325, -22.67534944], [-64.59968639, -22.66632321], [-64.61279579, -22.66887614], [-64.61937153, -22.66726332], [-64.62008773, -22.66377103], [-64.62197421, -22.66400624], [-64.62267593, -22.67097849], [-64.61972074, -22.67991609], [-64.62195325, -22.68432959], [-64.6287403, -22.6886554], [-64.6274735, -22.69240503], [-64.63114652, -22.69524258], [-64.63728046, -22.71374195], [-64.67650673, -22.73608527], [-64.68622425, -22.73451759], [-64.69507121, -22.73826611], [-64.70166881, -22.75353104], [-64.72292696, -22.73922217], [-64.74254191, -22.74144513], [-64.7562658, -22.73343481], [-64.76397322, -22.53978046], [-64.7482439, -22.41790115], [-64.74313683, -22.42429979], [-64.7417674, -22.42262409], [-64.73890015, -22.42436785], [-64.73633232, -22.43266051], [-64.73170873, -22.43059889], [-64.72995546, -22.43353511], [-64.7242492, -22.43242705], [-64.71718151, -22.43741893], [-64.71796318, -22.4403433], [-64.71025336, -22.44489706], [-64.70215777, -22.46042975], [-64.69609096, -22.46297125], [-64.69655031, -22.46777328], [-64.69192118, -22.46306473], [-64.68664943, -22.46483797], [-64.68258843, -22.46985645], [-64.66978143, -22.47295861], [-64.66760558, -22.47611028], [-64.66106775, -22.47310282], [-64.65642906, -22.47926694], [-64.64585185, -22.48508069], [-64.63667495, -22.4964372], [-64.63630468, -22.50803872], [-64.63274496, -22.51722032], [-64.62723901, -22.52222184], [-64.61476994, -22.5170915], [-64.60204332, -22.51710931], [-64.60258908, -22.51315184], [-64.59840296, -22.50937462], [-64.59980323, -22.50654237], [-64.59374273, -22.50824902], [-64.58997612, -22.51381755], [-64.5851124, -22.51296914], [-64.5873044, -22.50790457], [-64.5918815, -22.50623683], [-64.58911372, -22.49888122], [-64.58554964, -22.49662736], [-64.58814311, -22.49318318], [-64.58504439, -22.4939965], [-64.58122833, -22.48808992], [-64.58631078, -22.48908192], [-64.5929692, -22.48464559], [-64.58461377, -22.48247564], [-64.57932924, -22.47345413], [-64.57985018, -22.46793179], [-64.56991905, -22.46110021], [-64.5696762, -22.45714486], [-64.56692959, -22.46047526], [-64.55726919, -22.45817394], [-64.55710072, -22.45202201], [-64.54691779, -22.45023487], [-64.53591802, -22.43984897], [-64.5263357, -22.44100018]]]}}, {"type": "Feature", "properties": {"nombre": "Predelta", "categoria": "PARQUE NACIONAL", "provincia": "ENTRE RIOS"}, "geometry": {"type": "Polygon", "coordinates": [[[-60.64911654, -32.11150462], [-60.64679233, -32.10181564], [-60.64037598, -32.11569268], [-60.63478619, -32.11972571], [-60.629743, -32.12110137], [-60.62700605, -32.11136539], [-60.61565727, -32.11365223], [-60.61865341, -32.12615467], [-60.62470672, -32.13320467], [-60.637035, -32.13687735], [-60.62818766, -32.13783392], [-60.62239821, -32.14382483], [-60.61626459, -32.14447906], [-60.6167188, -32.14660812], [-60.60361731, -32.15478692], [-60.60270233, -32.15784696], [-60.61409476, -32.15557301], [-60.61136371, -32.17074838], [-60.61462158, -32.17540152], [-60.61390949, -32.1802514], [-60.62317384, -32.17556716], [-60.62136577, -32.17340387], [-60.62257767, -32.17016057], [-60.62925108, -32.16397345], [-60.63367491, -32.16620096], [-60.63430627, -32.1725943], [-60.64953283, -32.17030436], [-60.65204125, -32.16078159], [-60.64823012, -32.16085858], [-60.64790595, -32.16511608], [-60.6449897, -32.16550904], [-60.64231414, -32.16392856], [-60.64160475, -32.1591493], [-60.65438111, -32.15377942], [-60.65519764, -32.14973993], [-60.65999431, -32.15130362], [-60.66200573, -32.14409324], [-60.66790255, -32.1438358], [-60.67486662, -32.13460165], [-60.68376835, -32.13135347], [-60.65367597, -32.11657075], [-60.64911654, -32.11150462]]]}}, {"type": "Feature", "properties": {"nombre": "Tierra del Fuego", "categoria": "PARQUE NACIONAL", "provincia": "TIERRA DEL FUEGO"}, "geometry": {"type": "Polygon", "coordinates": [[[-68.51656717, -54.8654664], [-68.49992823, -54.86710741], [-68.50672324, -54.86825115], [-68.5084591, -54.871356], [-68.51580853, -54.870498], [-68.53460521, -54.87586982], [-68.52837731, -54.87946219], [-68.56067109, -54.88248166], [-68.56195419, -54.88528192], [-68.55449565, -54.88724323], [-68.55917073, -54.89035995], [-68.60941613, -54.89395736], [-68.59640833, -54.87298333], [-68.59513216, -54.79962317], [-68.60771175, -54.55562843], [-68.60894082, -54.42645864], [-68.58946962, -54.42584403], [-68.57977606, -54.42287984], [-68.56968696, -54.42788179], [-68.54521743, -54.42806688], [-68.54122388, -54.43455459], [-68.5311084, -54.44044576], [-68.55749827, -54.45511529], [-68.55505088, -54.45665366], [-68.53250849, -54.45588805], [-68.50556896, -54.45899998], [-68.47432462, -54.45355], [-68.46756113, -54.45640068], [-68.44775822, -54.45827065], [-68.43715289, -54.45176699], [-68.40375901, -54.44533865], [-68.3739794, -54.45691484], [-68.35172258, -54.46039824], [-68.35177113, -54.78349005], [-68.44395773, -54.78350116], [-68.4450847, -54.8587142], [-68.45717364, -54.85593349], [-68.45933534, -54.85795814], [-68.45746522, -54.85898612], [-68.46213205, -54.85953894], [-68.46017358, -54.85829392], [-68.46649525, -54.85420548], [-68.47211925, -54.85457926], [-68.48172989, -54.84681694], [-68.49194608, -54.84838447], [-68.50255378, -54.85410016], [-68.5012634, -54.8577484], [-68.51109094, -54.85904767], [-68.52378768, -54.85840402], [-68.54187318, -54.84981098], [-68.57737776, -54.85418855], [-68.55607714, -54.86250339], [-68.52769327, -54.86932186], [-68.51656717, -54.8654664]]]}}, {"type": "Feature", "properties": {"nombre": "Isla de los Estados y Archipielago de Año Nuevo", "categoria": "RESERVA NATURAL SILVESTRE", "provincia": "TIERRA DEL FUEGO"}, "geometry": {"type": "MultiPolygon", "coordinates": [[[[-64.33829013, -54.72957665], [-64.32149113, -54.73604878], [-64.29693509, -54.7359536], [-64.27866083, -54.72895799], [-64.2757103, -54.73414521], [-64.25967273, -54.73633432], [-64.25943479, -54.73985592], [-64.24235026, -54.7452335], [-64.22498019, -54.74394859], [-64.22269591, -54.74252092], [-64.22459948, -54.73290789], [-64.21631895, -54.73385968], [-64.21308289, -54.73681021], [-64.20699147, -54.73681021], [-64.20803843, -54.7381903], [-64.20446924, -54.74099806], [-64.19614113, -54.74095047], [-64.18833649, -54.74399618], [-64.18243543, -54.74294922], [-64.18405346, -54.7443769], [-64.17386937, -54.75170564], [-64.16063957, -54.75508447], [-64.16554126, -54.75770188], [-64.1666834, -54.76198491], [-64.16425635, -54.76407883], [-64.15711797, -54.76441196], [-64.14974164, -54.769504], [-64.13851058, -54.7704082], [-64.13508416, -54.77031302], [-64.13441791, -54.76783838], [-64.13736844, -54.75817777], [-64.14341227, -54.75165805], [-64.14541102, -54.74509073], [-64.15116931, -54.74423413], [-64.15654689, -54.74023663], [-64.16206724, -54.74133119], [-64.1649226, -54.74018904], [-64.156071, -54.73799994], [-64.15197833, -54.74033181], [-64.14764771, -54.73628673], [-64.15074101, -54.73281272], [-64.14950369, -54.73033808], [-64.14978923, -54.73190852], [-64.14098522, -54.73314584], [-64.13746362, -54.73271754], [-64.13789192, -54.72990977], [-64.13536969, -54.72829174], [-64.12526469, -54.72810414], [-64.12502675, -54.7300672], [-64.13002361, -54.73232769], [-64.12913132, -54.73458817], [-64.10944128, -54.73797891], [-64.10819206, -54.74363013], [-64.1102146, -54.74666394], [-64.10611003, -54.74969775], [-64.12645442, -54.75754997], [-64.10884641, -54.75641973], [-64.11235612, -54.7623089], [-64.10843001, -54.76433144], [-64.10843001, -54.76034584], [-64.10509876, -54.75707408], [-64.08320772, -54.75183927], [-64.07767547, -54.73827634], [-64.07761599, -54.73238717], [-64.07291655, -54.72840158], [-64.06946633, -54.72762825], [-64.06155462, -54.73185179], [-64.04727786, -54.73036463], [-64.05340497, -54.73750301], [-64.04924091, -54.73904966], [-64.04983578, -54.74208348], [-64.03918769, -54.74083426], [-64.03532107, -54.74255937], [-64.03710566, -54.74803213], [-64.03549953, -54.75273156], [-64.0303242, -54.75136337], [-64.04239996, -54.77039906], [-64.05096602, -54.77408723], [-64.04894348, -54.77688309], [-64.04257842, -54.77813231], [-64.03413134, -54.77533644], [-64.02871806, -54.76914985], [-64.02782576, -54.75814484], [-64.02425657, -54.75249362], [-64.00748137, -54.74220245], [-63.99237179, -54.74517678], [-63.99290717, -54.73672969], [-63.98987336, -54.73565893], [-63.97333611, -54.7371461], [-63.96530543, -54.73458817], [-63.96245007, -54.73613482], [-63.96298545, -54.74119118], [-63.95804807, -54.74125067], [-63.95447888, -54.73321998], [-63.9464482, -54.73256563], [-63.94317644, -54.72727133], [-63.93919084, -54.7256652], [-63.92063105, -54.722096], [-63.92330794, -54.72602211], [-63.91593161, -54.72596263], [-63.90754401, -54.72429701], [-63.90302303, -54.71864579], [-63.89778822, -54.71721811], [-63.89172059, -54.71912168], [-63.88791346, -54.71608787], [-63.88047764, -54.71870527], [-63.87631358, -54.7168017], [-63.87268491, -54.72536776], [-63.87839561, -54.73066206], [-63.86994853, -54.73333896], [-63.86405936, -54.73066206], [-63.85483895, -54.73173282], [-63.86578447, -54.73613482], [-63.86596293, -54.73893069], [-63.8616799, -54.73940658], [-63.86459474, -54.74315423], [-63.88850832, -54.75160132], [-63.887735, -54.75415924], [-63.87875253, -54.75523], [-63.85596919, -54.74945981], [-63.84645135, -54.73875223], [-63.84282267, -54.72834209], [-63.84068116, -54.72691441], [-63.83098485, -54.72875849], [-63.8259285, -54.72060884], [-63.80832049, -54.71959757], [-63.80843946, -54.72483238], [-63.80492975, -54.72905593], [-63.79850521, -54.72602211], [-63.7958878, -54.72715236], [-63.79737497, -54.73119744], [-63.80748767, -54.73310101], [-63.81028354, -54.73684866], [-63.80891535, -54.74160758], [-63.80243132, -54.74410602], [-63.80147954, -54.75100646], [-63.8157563, -54.75820432], [-63.82545261, -54.75760946], [-63.8290218, -54.76058379], [-63.82783207, -54.76456938], [-63.82497671, -54.76528322], [-63.84175191, -54.7733139], [-63.84026475, -54.77539593], [-63.84734365, -54.78033331], [-63.84746262, -54.78247483], [-63.84300113, -54.78312918], [-63.84639186, -54.78556813], [-63.84567802, -54.7891968], [-63.86060914, -54.79044602], [-63.85894352, -54.78889937], [-63.88600989, -54.79324189], [-63.87678948, -54.78782861], [-63.87637307, -54.7847948], [-63.88279762, -54.77967896], [-63.88577194, -54.78187996], [-63.88654527, -54.78675786], [-63.91283831, -54.79014859], [-63.91426599, -54.79324189], [-63.90766298, -54.79544289], [-63.91985772, -54.80204589], [-63.92509253, -54.80139154], [-63.93841752, -54.80531765], [-63.93996417, -54.80823249], [-63.9464482, -54.80799455], [-63.95340812, -54.81334833], [-63.95543066, -54.81031452], [-63.95031482, -54.80757814], [-63.95537118, -54.80787557], [-63.95358658, -54.80412792], [-63.95757218, -54.80472279], [-63.95673937, -54.80055873], [-63.94508001, -54.79591878], [-63.9521589, -54.79413419], [-63.95251582, -54.79199267], [-63.96239059, -54.79342035], [-63.96494851, -54.79579981], [-63.96750643, -54.79365829], [-63.95816704, -54.7834861], [-63.95953523, -54.7795005], [-63.95769115, -54.77777539], [-63.95935677, -54.77741847], [-63.95251582, -54.76938779], [-63.95489528, -54.76682987], [-63.98511444, -54.77545542], [-63.98755339, -54.7834861], [-63.99136052, -54.78669837], [-64.01033673, -54.79258754], [-64.01717768, -54.78889937], [-64.02294787, -54.79110037], [-64.0263386, -54.79645416], [-64.0338339, -54.79829824], [-64.03133547, -54.79925003], [-64.03401236, -54.80162949], [-64.03198982, -54.80573406], [-64.03448825, -54.80799455], [-64.03585644, -54.80436587], [-64.0396041, -54.80609098], [-64.03502363, -54.80204589], [-64.04989526, -54.80174846], [-64.05364292, -54.79954746], [-64.05863978, -54.78907783], [-64.0616736, -54.78854245], [-64.05804492, -54.7865794], [-64.059889, -54.78211791], [-64.05513008, -54.77979793], [-64.0611977, -54.77973845], [-64.06435049, -54.78360507], [-64.07029914, -54.78556813], [-64.06797917, -54.7896727], [-64.08457591, -54.79080294], [-64.08356464, -54.79353932], [-64.07529601, -54.79211164], [-64.07113195, -54.794967], [-64.07416577, -54.79639467], [-64.07678317, -54.80412792], [-64.07523652, -54.80805403], [-64.08314823, -54.80900582], [-64.0841595, -54.81108785], [-64.08850202, -54.81007657], [-64.0943317, -54.8130509], [-64.09498605, -54.8161442], [-64.1009347, -54.81650112], [-64.09807935, -54.82090312], [-64.09932857, -54.82369899], [-64.10718079, -54.82768459], [-64.10985768, -54.83327632], [-64.11473558, -54.8338117], [-64.11158279, -54.83006405], [-64.11449763, -54.83101583], [-64.11527096, -54.82923124], [-64.11378379, -54.82149799], [-64.12062474, -54.8143596], [-64.1238965, -54.81447858], [-64.12591904, -54.81941596], [-64.13157026, -54.82375848], [-64.148167, -54.83006405], [-64.1508439, -54.82994507], [-64.15054646, -54.82554307], [-64.15673306, -54.82691126], [-64.16720269, -54.82405591], [-64.16833294, -54.82191439], [-64.17231853, -54.82328258], [-64.17796975, -54.82816048], [-64.17487645, -54.83065891], [-64.17808873, -54.83339529], [-64.17344878, -54.83619116], [-64.17963538, -54.83892754], [-64.18992654, -54.83815421], [-64.19528033, -54.82863637], [-64.20057463, -54.82839842], [-64.20194282, -54.83297889], [-64.20854583, -54.83892754], [-64.20521458, -54.84112854], [-64.2104494, -54.84642284], [-64.21591026, -54.84820744], [-64.21453017, -54.85525064], [-64.22076436, -54.85767769], [-64.22400043, -54.85748734], [-64.22285828, -54.85482234], [-64.22956836, -54.85163386], [-64.2307581, -54.84777913], [-64.22371489, -54.84197325], [-64.22875935, -54.84092629], [-64.23128158, -54.83764263], [-64.23613568, -54.84064075], [-64.2391338, -54.84035522], [-64.23109122, -54.83550112], [-64.23708746, -54.83150362], [-64.23856273, -54.82664952], [-64.2351363, -54.8258405], [-64.23789648, -54.82422247], [-64.2325189, -54.8240797], [-64.22747444, -54.82079605], [-64.23442247, -54.8143715], [-64.23052015, -54.80409223], [-64.23218577, -54.80052304], [-64.23642121, -54.79876224], [-64.23285202, -54.79414608], [-64.23656398, -54.79214734], [-64.23327557, -54.78736462], [-64.23467945, -54.78196324], [-64.24392603, -54.78432367], [-64.24725728, -54.79256612], [-64.25616598, -54.79827683], [-64.25843123, -54.80351164], [-64.26364701, -54.80453957], [-64.265779, -54.80054207], [-64.26484625, -54.79641133], [-64.27015721, -54.79057213], [-64.27824738, -54.79642561], [-64.29043022, -54.7889541], [-64.29533191, -54.79050075], [-64.29733066, -54.78826406], [-64.30613466, -54.78809749], [-64.31094117, -54.79245191], [-64.30120918, -54.79399856], [-64.30446904, -54.7999948], [-64.29909146, -54.80644314], [-64.30634881, -54.80499167], [-64.30601569, -54.80848947], [-64.30827618, -54.81096411], [-64.31044149, -54.80829912], [-64.31336822, -54.80877501], [-64.31108394, -54.8123442], [-64.31631875, -54.81838803], [-64.32597937, -54.8202916], [-64.32431374, -54.82464601], [-64.33273704, -54.82538365], [-64.33345087, -54.8300236], [-64.34748969, -54.8308802], [-64.34713277, -54.83409247], [-64.35791173, -54.83513944], [-64.3584828, -54.8313323], [-64.36419351, -54.82942873], [-64.36562119, -54.83380694], [-64.37416345, -54.8344256], [-64.37652852, -54.83156996], [-64.38143021, -54.83042782], [-64.38423798, -54.83252174], [-64.39442207, -54.82733452], [-64.39480278, -54.83009469], [-64.39037698, -54.83375906], [-64.39480278, -54.83680477], [-64.39361305, -54.83966013], [-64.40189358, -54.84299137], [-64.40689044, -54.84151611], [-64.40717598, -54.84475217], [-64.40117974, -54.84556119], [-64.39946653, -54.84894002], [-64.41250597, -54.8587434], [-64.42359426, -54.86236018], [-64.4256406, -54.86507277], [-64.4304947, -54.86374027], [-64.43863245, -54.86569143], [-64.44296307, -54.86992687], [-64.44243959, -54.87211597], [-64.44967315, -54.87568517], [-64.44881655, -54.87164008], [-64.45176708, -54.87149731], [-64.44862619, -54.86464447], [-64.45419413, -54.86792812], [-64.45728743, -54.86535831], [-64.47289669, -54.8680233], [-64.47827427, -54.86997446], [-64.47675142, -54.87021241], [-64.48070132, -54.87497133], [-64.48460364, -54.8746382], [-64.48531748, -54.87240151], [-64.4825573, -54.87168767], [-64.48912462, -54.87130696], [-64.49240827, -54.86854678], [-64.49012399, -54.86692875], [-64.48917221, -54.86045662], [-64.49431184, -54.85812474], [-64.50130746, -54.8623126], [-64.49207515, -54.8556501], [-64.4781791, -54.85165261], [-64.48355668, -54.85060565], [-64.48593614, -54.84765512], [-64.47427678, -54.84603708], [-64.47494303, -54.84256307], [-64.44757923, -54.84222994], [-64.44434316, -54.83894629], [-64.44401004, -54.83651924], [-64.4507677, -54.83689995], [-64.45590734, -54.83366388], [-64.47146902, -54.83518674], [-64.46966063, -54.83071335], [-64.45809644, -54.82585925], [-64.46613902, -54.8234322], [-64.47437196, -54.82876219], [-64.47679901, -54.83689995], [-64.49645336, -54.83808968], [-64.49157546, -54.84142093], [-64.51822542, -54.85462694], [-64.5209618, -54.85819613], [-64.52012899, -54.86164635], [-64.52667251, -54.86783294], [-64.51763056, -54.86807089], [-64.51560802, -54.87021241], [-64.52084283, -54.86926062], [-64.52655354, -54.87164008], [-64.52619662, -54.87782668], [-64.53868879, -54.88413225], [-64.53904571, -54.88841528], [-64.54380463, -54.88508404], [-64.54606512, -54.88758247], [-64.5470169, -54.88508404], [-64.55510707, -54.88698761], [-64.56626674, -54.8827712], [-64.56907451, -54.88505548], [-64.56812272, -54.891599], [-64.57540387, -54.89409744], [-64.57335754, -54.89719073], [-64.58392234, -54.89552511], [-64.58087663, -54.89871359], [-64.58330368, -54.8995702], [-64.58173324, -54.90142618], [-64.58758671, -54.90228278], [-64.58872885, -54.90028403], [-64.58815778, -54.90513813], [-64.59301188, -54.90699411], [-64.59315465, -54.90428153], [-64.60100687, -54.90827902], [-64.60300562, -54.90713688], [-64.60614651, -54.91084884], [-64.61153543, -54.90979892], [-64.61196373, -54.90494482], [-64.61924488, -54.90780018], [-64.62095809, -54.90294608], [-64.62795371, -54.90694357], [-64.63423548, -54.90494482], [-64.63651977, -54.90951339], [-64.64737011, -54.90965616], [-64.64137387, -54.91094107], [-64.65279528, -54.91493856], [-64.65607894, -54.91322535], [-64.6650733, -54.91422472], [-64.6743532, -54.90951339], [-64.6769706, -54.9129874], [-64.6809681, -54.91056035], [-64.69919477, -54.91612829], [-64.70423923, -54.91546204], [-64.70290673, -54.90675321], [-64.65400881, -54.8975447], [-64.65388983, -54.89361859], [-64.6465135, -54.89278578], [-64.64648971, -54.89009699], [-64.6438723, -54.8891452], [-64.64494306, -54.8865278], [-64.64982095, -54.88676574], [-64.64958301, -54.88307758], [-64.65220042, -54.88046017], [-64.65898188, -54.88272066], [-64.66144161, -54.88129855], [-64.65814907, -54.87617714], [-64.66860651, -54.87517875], [-64.67633975, -54.87155007], [-64.67193775, -54.86732653], [-64.6836566, -54.86108045], [-64.68115816, -54.85620255], [-64.66438296, -54.85055133], [-64.67211093, -54.84848574], [-64.67146186, -54.84490011], [-64.68633349, -54.8427586], [-64.69626774, -54.847577], [-64.70962603, -54.84962572], [-64.70911207, -54.85128183], [-64.71956266, -54.85527932], [-64.72384569, -54.85545064], [-64.72110455, -54.85379454], [-64.72418834, -54.85333768], [-64.73086986, -54.85459403], [-64.73903617, -54.8591626], [-64.74120624, -54.85842021], [-64.73943592, -54.85522221], [-64.74863016, -54.85647857], [-64.73804184, -54.85311597], [-64.7433192, -54.85328057], [-64.74423292, -54.85088208], [-64.73823667, -54.84414344], [-64.74057806, -54.84225891], [-64.74885859, -54.84294419], [-64.75011494, -54.84197337], [-64.74680273, -54.83848984], [-64.75656804, -54.8364911], [-64.74080649, -54.83175121], [-64.74594613, -54.82895296], [-64.7441187, -54.82775371], [-64.74634588, -54.82615472], [-64.73852221, -54.8219859], [-64.74103492, -54.81947319], [-64.73515289, -54.81661784], [-64.73521, -54.81364827], [-64.72493073, -54.81164952], [-64.72892822, -54.81096424], [-64.73069854, -54.80611014], [-64.73738007, -54.80633857], [-64.73783692, -54.80451114], [-64.72698658, -54.80433982], [-64.71830631, -54.80028522], [-64.71442303, -54.79491715], [-64.7109966, -54.79583087], [-64.70882654, -54.7896062], [-64.71048264, -54.79617351], [-64.70460061, -54.79731565], [-64.69734802, -54.80605303], [-64.67501915, -54.80079918], [-64.67501915, -54.798572], [-64.67855979, -54.79703011], [-64.67673237, -54.79343237], [-64.69614877, -54.78429524], [-64.68712585, -54.78058328], [-64.68238597, -54.78166831], [-64.68478446, -54.78406681], [-64.68295704, -54.7847521], [-64.66496831, -54.78498052], [-64.65657357, -54.7839526], [-64.65211922, -54.77772793], [-64.6478933, -54.77681421], [-64.64075492, -54.78846405], [-64.63961277, -54.79714433], [-64.62956193, -54.800171], [-64.62676408, -54.80524838], [-64.61248732, -54.80524838], [-64.61348669, -54.80681882], [-64.60806152, -54.81038801], [-64.60292188, -54.81053078], [-64.59920992, -54.81552765], [-64.5865036, -54.82081005], [-64.56651613, -54.81409997], [-64.56579039, -54.80519592], [-64.55686741, -54.79591602], [-64.55056184, -54.79430989], [-64.54568395, -54.79698678], [-64.5335487, -54.79752216], [-64.53057437, -54.80067494], [-64.53105026, -54.80412516], [-64.52855183, -54.80448208], [-64.52165139, -54.79900932], [-64.51141971, -54.79805754], [-64.51391814, -54.79544013], [-64.52081858, -54.79627294], [-64.51891501, -54.79341759], [-64.51391814, -54.79282272], [-64.51617863, -54.78925353], [-64.52674344, -54.78830175], [-64.52008095, -54.78478014], [-64.52146103, -54.77312079], [-64.52431639, -54.77064615], [-64.53611851, -54.77135998], [-64.5414961, -54.76855222], [-64.5432569, -54.7602717], [-64.54144851, -54.7558459], [-64.54292377, -54.75256224], [-64.54002083, -54.74975448], [-64.5419244, -54.74827921], [-64.54078226, -54.74185467], [-64.54920555, -54.72990977], [-64.54592189, -54.72971942], [-64.54463698, -54.72524603], [-64.52636272, -54.72971942], [-64.51893881, -54.74228297], [-64.49928446, -54.75289537], [-64.48990938, -54.76374571], [-64.46763763, -54.76645829], [-64.43223125, -54.76103312], [-64.43922686, -54.76417401], [-64.43232643, -54.76817151], [-64.42751991, -54.76469749], [-64.43132705, -54.76855222], [-64.42609224, -54.76693419], [-64.42414108, -54.77150275], [-64.4116727, -54.77454846], [-64.40938842, -54.77754658], [-64.4139094, -54.78073506], [-64.41243413, -54.78273381], [-64.40491503, -54.78073506], [-64.40777039, -54.77459605], [-64.41210101, -54.77378703], [-64.4072945, -54.77150275], [-64.40315423, -54.76441196], [-64.41224377, -54.75770188], [-64.42223751, -54.75641697], [-64.42152367, -54.75489411], [-64.40962637, -54.75080144], [-64.3913997, -54.74913582], [-64.3856414, -54.75208635], [-64.39001961, -54.75546518], [-64.39116175, -54.75970063], [-64.38592694, -54.76669624], [-64.38897265, -54.77369186], [-64.39592067, -54.77906944], [-64.39539719, -54.78249586], [-64.38802086, -54.78259104], [-64.37983552, -54.77940256], [-64.36660571, -54.78482773], [-64.36836651, -54.79039567], [-64.36655812, -54.79363174], [-64.37245919, -54.79996111], [-64.37312544, -54.80876511], [-64.37179294, -54.81119216], [-64.36736714, -54.81090663], [-64.36037152, -54.80557663], [-64.36251304, -54.79986593], [-64.35875349, -54.79444076], [-64.36008599, -54.78801621], [-64.35761135, -54.78511327], [-64.36455938, -54.78430425], [-64.35999081, -54.78140131], [-64.35970528, -54.77759417], [-64.37331579, -54.76522097], [-64.37184053, -54.76084277], [-64.3763615, -54.75751152], [-64.37574284, -54.75146769], [-64.35699269, -54.74666118], [-64.349426, -54.74061735], [-64.34961636, -54.73305066], [-64.34647547, -54.72838692], [-64.34842663, -54.72177202], [-64.34185932, -54.71482399], [-64.33848048, -54.7028791], [-64.3366245, -54.70740007], [-64.34009852, -54.7139198], [-64.34095512, -54.7258171], [-64.33829013, -54.72957665]]], [[[-64.23917009, -54.69619576], [-64.23379251, -54.70057397], [-64.23812313, -54.70319138], [-64.23669545, -54.70504735], [-64.24159714, -54.70614191], [-64.24311999, -54.70371486], [-64.24868793, -54.70390521], [-64.24516633, -54.70190647], [-64.24768856, -54.69981254], [-64.23769482, -54.69538674], [-64.23917009, -54.69619576]]], [[[-64.25022745, -54.69139579], [-64.25155994, -54.69458427], [-64.25627128, -54.69824864], [-64.25541467, -54.69520293], [-64.25841279, -54.69477463], [-64.25641404, -54.69220481], [-64.25022745, -54.69139579]]], [[[-64.26131573, -54.67278841], [-64.24746727, -54.67607206], [-64.25417735, -54.68173518], [-64.25236896, -54.68240143], [-64.25655681, -54.68744589], [-64.2610302, -54.68811214], [-64.27169018, -54.67926054], [-64.26131573, -54.67278841]]], [[[-64.1309986, -54.64619793], [-64.13052271, -54.64863688], [-64.1217187, -54.64845842], [-64.1221946, -54.65232504], [-64.10910756, -54.6511948], [-64.12647763, -54.65946343], [-64.12487149, -54.66118853], [-64.12635865, -54.66374646], [-64.13968364, -54.66880281], [-64.15764857, -54.65857113], [-64.15449578, -54.6573814], [-64.15628038, -54.65607269], [-64.15491219, -54.65440707], [-64.16240749, -54.65065942], [-64.14961789, -54.64946969], [-64.14949891, -54.64756612], [-64.1442641, -54.6485179], [-64.1402785, -54.6459005], [-64.1309986, -54.64619793]]]]}}, {"type": "Feature", "properties": {"nombre": "Patagonia Austral", "categoria": "PARQUE INTERJURISDICCIONAL", "provincia": "CHUBUT"}, "geometry": {"type": "MultiPolygon", "coordinates": [[[[-66.4002795, -45.2121263], [-66.41511336, -45.21159967], [-66.4255844, -45.20261087], [-66.42540988, -45.17793474], [-66.41738209, -45.17035544], [-66.41075045, -45.16841602], [-66.40132661, -45.17052962], [-66.38404965, -45.17810395], [-66.37794148, -45.18656513], [-66.37741793, -45.19555447], [-66.3835261, -45.20630505], [-66.4002795, -45.2121263]]], [[[-66.35874441, -45.17317427], [-66.36485256, -45.1740544], [-66.37096072, -45.17176156], [-66.37916309, -45.16453246], [-66.3823045, -45.1525459], [-66.3814319, -45.14708212], [-66.37741789, -45.13985691], [-66.37043714, -45.13527627], [-66.36188572, -45.13422067], [-66.35473045, -45.13686568], [-66.34600458, -45.14585563], [-66.34565555, -45.15801745], [-66.34966943, -45.16683009], [-66.35874441, -45.17317427]]], [[[-66.07396194, -45.11548345], [-66.06168828, -45.11173443], [-66.04389793, -45.11268877], [-66.02589166, -45.12113462], [-66.02342134, -45.12880225], [-66.03378325, -45.14116253], [-66.04457106, -45.14681483], [-66.07064289, -45.14854951], [-66.07857081, -45.14509192], [-66.08608364, -45.13357313], [-66.10003783, -45.13556504], [-66.10908019, -45.1328181], [-66.11840283, -45.12482091], [-66.12183435, -45.11712925], [-66.1194626, -45.10874263], [-66.10725236, -45.10311014], [-66.08922113, -45.10295044], [-66.07849698, -45.10847299], [-66.07396194, -45.11548345]]], [[[-65.48104191, -45.0267466], [-65.49632564, -45.02416245], [-65.5061303, -45.01486822], [-65.5101144, -45.00374456], [-65.50603724, -44.9908885], [-65.49577343, -44.98479575], [-65.48438378, -44.98196795], [-65.47706502, -44.98318419], [-65.46446906, -44.99091335], [-65.45803636, -45.00404983], [-65.4595862, -45.01309452], [-65.46294423, -45.01796559], [-65.47193802, -45.0242645], [-65.48104191, -45.0267466]]], [[[-65.48853327, -44.94006451], [-65.50289324, -44.9465116], [-65.52009094, -44.94858363], [-65.53343961, -44.95818109], [-65.54395672, -44.96226428], [-65.54597924, -44.9692101], [-65.54152982, -44.97472414], [-65.53970946, -44.98657232], [-65.54902258, -45.01716725], [-65.55602575, -45.02184269], [-65.57126639, -45.02189536], [-65.57575086, -45.02388304], [-65.57254035, -45.0315559], [-65.56343946, -45.04164876], [-65.5613538, -45.0512452], [-65.55233815, -45.0573684], [-65.54787851, -45.06753029], [-65.55025011, -45.07660077], [-65.56279843, -45.08231452], [-65.57974854, -45.08340991], [-65.59722841, -45.07647057], [-65.61906026, -45.08069515], [-65.64059271, -45.07922541], [-65.66278734, -45.06777294], [-65.68517147, -45.07869221], [-65.71722533, -45.07602328], [-65.73888347, -45.0684696], [-65.74817629, -45.0569315], [-65.76705062, -45.05669196], [-65.78180001, -45.05299158], [-65.78448857, -45.05537614], [-65.7822499, -45.07209834], [-65.79367793, -45.08093467], [-65.8044633, -45.08511298], [-65.81649336, -45.08479549], [-65.82653601, -45.08099579], [-65.83327378, -45.07471262], [-65.83670044, -45.06523343], [-65.86497866, -45.06963162], [-65.87825439, -45.06536171], [-65.88890953, -45.05696863], [-65.89380605, -45.05609389], [-65.89956062, -45.05688919], [-65.90437786, -45.06253846], [-65.91599764, -45.06346141], [-65.93666575, -45.07686083], [-65.95582801, -45.06978411], [-65.96483969, -45.07216074], [-65.98344645, -45.06930588], [-65.99376113, -45.05929815], [-65.9927499, -45.04459076], [-65.9895139, -45.04173064], [-66.00488491, -45.02661575], [-66.00448036, -45.06542665], [-65.99335667, -45.07380114], [-65.980615, -45.07563764], [-65.97353631, -45.0823768], [-65.96261497, -45.08216908], [-65.9545248, -45.08605252], [-65.94764821, -45.09320377], [-65.93854685, -45.09422695], [-65.92236671, -45.11485947], [-65.92317577, -45.12854542], [-65.92620952, -45.13283492], [-65.93389503, -45.13753241], [-65.9575586, -45.13773136], [-65.98041275, -45.12690885], [-66.00003091, -45.12691124], [-66.02086272, -45.11751375], [-66.02814379, -45.11158868], [-66.03320015, -45.10137411], [-66.38854949, -45.10118258], [-66.40621962, -45.11054183], [-66.41715926, -45.1131173], [-66.42844291, -45.11163451], [-66.4548722, -45.10287828], [-66.46555454, -45.1145581], [-66.47777856, -45.11519158], [-66.48515707, -45.11825272], [-66.50496072, -45.11693904], [-66.51128641, -45.11876849], [-66.51314789, -45.12259783], [-66.51302745, -45.12677677], [-66.4851691, -45.1307364], [-66.46140281, -45.12886151], [-66.44507121, -45.13328043], [-66.43888883, -45.14058241], [-66.43519069, -45.15780398], [-66.43698026, -45.16128272], [-66.44430713, -45.163239], [-66.45490044, -45.17574272], [-66.46328505, -45.17957498], [-66.46631247, -45.18928114], [-66.49356749, -45.23213606], [-66.51412689, -45.23888998], [-66.54089944, -45.24246913], [-66.55266887, -45.24107108], [-66.574728, -45.23265751], [-66.57639267, -45.23672489], [-66.5807401, -45.23742995], [-66.60491358, -45.23274342], [-66.62653541, -45.23432248], [-66.66325453, -45.22964321], [-66.67910206, -45.23502091], [-66.67518763, -45.24793317], [-66.67688766, -45.25501146], [-66.68102052, -45.2600224], [-66.7017688, -45.26443158], [-66.71774519, -45.26080696], [-66.71663381, -45.21022104], [-66.70588685, -45.21072872], [-66.66202166, -45.19805229], [-66.62776529, -45.20124382], [-66.59323485, -45.20067405], [-66.58475422, -45.19794468], [-66.56585499, -45.1967743], [-66.54707548, -45.20125264], [-66.54865715, -45.19380336], [-66.56711059, -45.19248577], [-66.57961289, -45.18866278], [-66.59151197, -45.18988783], [-66.61155734, -45.17898798], [-66.61913787, -45.16827838], [-66.62241406, -45.14315568], [-66.62029402, -45.13749931], [-66.6119945, -45.12921825], [-66.59083076, -45.12513216], [-66.56460386, -45.12903483], [-66.5565001, -45.12502314], [-66.54997209, -45.10578357], [-66.52913823, -45.08632289], [-66.51768768, -45.08214365], [-66.50112856, -45.08155927], [-66.49247708, -45.07351058], [-66.47289097, -45.06318726], [-66.43628311, -45.05708766], [-66.41328521, -45.04389903], [-66.40298494, -45.04016709], [-66.38917247, -45.03877731], [-66.37196876, -45.02890487], [-66.35573828, -45.02682831], [-66.30402182, -45.03301471], [-66.28356163, -45.03293732], [-66.27640474, -45.02293275], [-66.25800131, -45.00872049], [-66.25114123, -45.00685729], [-66.24351972, -44.99731772], [-66.22799056, -44.99021612], [-66.21412198, -44.97350159], [-66.19691058, -44.96643253], [-66.18856871, -44.96591808], [-66.17699571, -44.97279022], [-66.15879633, -44.96993004], [-66.14217709, -44.97408811], [-66.12270633, -44.9712891], [-66.0895513, -44.97694695], [-66.0739922, -44.97640263], [-66.04032202, -44.98706763], [-66.01434865, -44.98431188], [-65.9818355, -45.00197947], [-65.94958913, -45.02981779], [-65.94042467, -45.0300949], [-65.92563611, -45.021514], [-65.9141806, -45.0185332], [-65.91241804, -45.00548362], [-65.89900333, -44.99526233], [-65.87747106, -44.98957894], [-65.85089851, -44.98826004], [-65.83749562, -44.98981681], [-65.81311013, -45.00189264], [-65.79904388, -45.00332301], [-65.78907837, -45.0070267], [-65.78080209, -45.00558642], [-65.73243569, -45.01200493], [-65.72144819, -45.01698633], [-65.71054533, -45.02699343], [-65.68523502, -45.02401581], [-65.66422852, -45.02701347], [-65.63878585, -45.02203939], [-65.64386179, -45.01138481], [-65.64328045, -45.00494714], [-65.63602399, -44.99487512], [-65.62477259, -44.98843282], [-65.62493866, -44.97257042], [-65.61303636, -44.95201185], [-65.60087384, -44.9449659], [-65.58399961, -44.9431116], [-65.57671562, -44.93954979], [-65.57678752, -44.93684799], [-65.57092491, -44.93242789], [-65.57295978, -44.9266879], [-65.58787331, -44.92181145], [-65.59373752, -44.90652536], [-65.59159954, -44.90283109], [-65.59283883, -44.90019163], [-65.51551437, -44.90006576], [-65.51129981, -44.91063174], [-65.50213202, -44.91799589], [-65.48726323, -44.93655918], [-65.48853327, -44.94006451]]]]}}, {"type": "Feature", "properties": {"nombre": "Makenke", "categoria": "PARQUE INTERJURISDICCIONAL", "provincia": "SANTA CRUZ"}, "geometry": {"type": "Polygon", "coordinates": [[[-67.61666667, -49.14166667], [-67.56105556, -49.15872222], [-67.51924167, -49.44106111], [-67.62531667, -49.86891389], [-67.78255625, -49.86504551], [-67.76795758, -49.84031719], [-67.74856973, -49.81387662], [-67.73225139, -49.78269616], [-67.72472754, -49.75776893], [-67.72067293, -49.73605396], [-67.7214296, -49.72344758], [-67.71544764, -49.69943406], [-67.71574745, -49.68470044], [-67.72132967, -49.67180852], [-67.71663261, -49.65279187], [-67.72048734, -49.63595956], [-67.7111075, -49.62406701], [-67.70826642, -49.61518686], [-67.70345515, -49.56139201], [-67.69764451, -49.52974042], [-67.68880719, -49.50585539], [-67.68757939, -49.48192753], [-67.68212567, -49.45848508], [-67.66901959, -49.42252191], [-67.66719217, -49.4066747], [-67.66026794, -49.39255497], [-67.63157164, -49.35546394], [-67.62160645, -49.32658204], [-67.60360345, -49.29567284], [-67.60430301, -49.27571392], [-67.60914284, -49.2708741], [-67.61275486, -49.25027272], [-67.66730593, -49.24353776], [-67.67468262, -49.22259521], [-67.67279053, -49.21868896], [-67.66778565, -49.2164917], [-67.66461182, -49.20349121], [-67.64318848, -49.19610596], [-67.63500977, -49.19677734], [-67.6138916, -49.18518066], [-67.6101093, -49.17726313], [-67.61520134, -49.1725042], [-67.6175808, -49.16450922], [-67.61372608, -49.16089243], [-67.62662275, -49.15656182], [-67.63180998, -49.15718048], [-67.6369972, -49.1482337], [-67.63644545, -49.14178411], [-67.61666667, -49.14166667]]]}}, {"type": "Feature", "properties": {"nombre": "El Nogalar de los Toldos", "categoria": "RESERVA NACIONAL", "provincia": "SALTA"}, "geometry": {"type": "Polygon", "coordinates": [[[-64.74864207, -22.23304459], [-64.7399174, -22.23828373], [-64.73472624, -22.26394386], [-64.72200142, -22.2692951], [-64.71810405, -22.27410989], [-64.71000097, -22.27749443], [-64.71060838, -22.27961065], [-64.70627592, -22.28296862], [-64.70262073, -22.27807665], [-64.70638396, -22.28631241], [-64.70496478, -22.28790175], [-64.71401971, -22.29005123], [-64.72085072, -22.28842927], [-64.73695151, -22.29454066], [-64.74980251, -22.28685771], [-64.75283163, -22.28937255], [-64.76174014, -22.28550834], [-64.77143562, -22.28471425], [-64.78198524, -22.26694582], [-64.78955876, -22.26591958], [-64.79676641, -22.25907777], [-64.79678973, -22.25289585], [-64.79241189, -22.24548973], [-64.78570661, -22.24551986], [-64.78299708, -22.24783255], [-64.77359879, -22.24660284], [-64.76796085, -22.23944758], [-64.75144195, -22.23728534], [-64.74864207, -22.23304459]]]}}, {"type": "Feature", "properties": {"nombre": "San Antonio", "categoria": "RESERVA NATURAL ESTRICTA", "provincia": "MISIONES"}, "geometry": {"type": "Polygon", "coordinates": [[[-53.79322318, -26.00616334], [-53.78039788, -26.00838814], [-53.78373032, -26.01320226], [-53.77662049, -26.01625035], [-53.78083214, -26.0216898], [-53.77700677, -26.02377466], [-53.78529926, -26.0293451], [-53.78726585, -26.02709758], [-53.79251144, -26.02727569], [-53.79259111, -26.02488898], [-53.80384445, -26.02313042], [-53.79966736, -26.01060104], [-53.79527855, -26.00645256], [-53.79629447, -25.99915503], [-53.79300903, -26.00000054], [-53.79322318, -26.00616334]]]}}, {"type": "Feature", "properties": {"nombre": "Isla Pinguino", "categoria": "PARQUE INTERJURISDICCIONAL", "provincia": "SANTA CRUZ"}, "geometry": {"type": "Polygon", "coordinates": [[[-65.889269, -47.76645718], [-65.87761916, -47.76488673], [-65.621111, -47.792778], [-65.62550271, -47.81860314], [-65.6245317, -47.82848766], [-65.61429681, -47.85022152], [-65.57042107, -47.86581626], [-65.56099054, -47.87294931], [-65.558864, -47.87730645], [-65.56351451, -47.91790181], [-65.55199303, -47.95315625], [-65.55321899, -47.96285045], [-65.56128614, -47.97105236], [-65.60164115, -47.99279499], [-65.61493824, -48.01287538], [-65.6649535, -48.03735401], [-65.68501134, -48.05809164], [-65.69937383, -48.06315249], [-65.74381357, -48.06903603], [-65.74414089, -48.07263855], [-65.72950006, -48.09287842], [-65.72713317, -48.10126081], [-65.72831898, -48.11025187], [-65.73611168, -48.12378108], [-65.77088623, -48.16565215], [-65.79343206, -48.18363296], [-65.84856991, -48.21565648], [-65.89760211, -48.22533443], [-65.92178089, -48.2336779], [-65.93684434, -48.24248825], [-65.9720036, -48.27324278], [-65.98119935, -48.27850841], [-65.99360336, -48.27948122], [-66.01333102, -48.27569081], [-66.02956887, -48.27768449], [-66.04066968, -48.28225569], [-66.06468551, -48.29847926], [-66.08888936, -48.30499378], [-66.10265297, -48.3143649], [-66.15184626, -48.33304955], [-66.1612497, -48.33962998], [-66.16675717, -48.34704515], [-66.17569461, -48.37576491], [-66.18518009, -48.39256865], [-66.19927226, -48.4052783], [-66.22944445, -48.42111111], [-66.48916668, -48.41666701], [-66.48874858, -48.40808107], [-66.46708435, -48.40014], [-66.47543626, -48.39744169], [-66.47276651, -48.39044607], [-66.46721284, -48.38650569], [-66.46759832, -48.38138033], [-66.47727796, -48.37467025], [-66.4761501, -48.36821715], [-66.46966845, -48.36150707], [-66.45346432, -48.35388328], [-66.4272379, -48.34924333], [-66.39468687, -48.34958597], [-66.3696597, -48.35329793], [-66.36167899, -48.3569385], [-66.36246421, -48.36107877], [-66.35842389, -48.36177833], [-66.34985604, -48.35507015], [-66.34568723, -48.35856796], [-66.34014784, -48.35702607], [-66.34340294, -48.36586339], [-66.34978466, -48.36721968], [-66.34627178, -48.36994158], [-66.34300319, -48.3688044], [-66.34026205, -48.36363621], [-66.33472267, -48.3607523], [-66.33388034, -48.35468468], [-66.33727821, -48.35211486], [-66.34297464, -48.3538138], [-66.33737898, -48.34898159], [-66.34511699, -48.34655454], [-66.35498223, -48.3333628], [-66.35937948, -48.32391158], [-66.36017898, -48.31471735], [-66.35489657, -48.30248216], [-66.34763719, -48.29910677], [-66.34325423, -48.29396714], [-66.34275454, -48.28518693], [-66.3375578, -48.27716339], [-66.32727853, -48.26942538], [-66.31233075, -48.26527084], [-66.2965692, -48.25195062], [-66.28327753, -48.24992332], [-66.27766676, -48.24224242], [-66.26264761, -48.23794511], [-66.26309019, -48.23242], [-66.25663709, -48.22763728], [-66.25782206, -48.22423941], [-66.25565199, -48.21961374], [-66.24548693, -48.2158304], [-66.2377061, -48.20705019], [-66.22825488, -48.20129665], [-66.21583409, -48.19944067], [-66.20525501, -48.20112533], [-66.19750272, -48.19482928], [-66.18442521, -48.19538607], [-66.17774368, -48.19327311], [-66.1712763, -48.1950006], [-66.15992627, -48.19046058], [-66.15592878, -48.18487837], [-66.15767055, -48.18033836], [-66.16676484, -48.17952458], [-66.16283873, -48.17541287], [-66.16429497, -48.17267173], [-66.15270223, -48.16864569], [-66.15435834, -48.16680398], [-66.15030373, -48.16667549], [-66.14790524, -48.16354888], [-66.14462158, -48.16457681], [-66.14634907, -48.16183567], [-66.14133793, -48.16043655], [-66.14297975, -48.15880899], [-66.13835408, -48.14925784], [-66.13448508, -48.14798721], [-66.13801144, -48.14296179], [-66.13442797, -48.14343292], [-66.13851113, -48.14164832], [-66.13851113, -48.13923555], [-66.13028771, -48.13740812], [-66.12380606, -48.13956391], [-66.12846028, -48.13693699], [-66.12925978, -48.13305371], [-66.12106492, -48.12358821], [-66.08116136, -48.11008239], [-66.06601371, -48.11103894], [-66.06223036, -48.11330894], [-66.06338678, -48.11823443], [-66.06178778, -48.11986198], [-66.06094546, -48.11449391], [-66.05614846, -48.11390857], [-66.05719067, -48.10949704], [-66.0473968, -48.10532823], [-66.02926531, -48.10562804], [-66.02619581, -48.10831207], [-66.02949374, -48.11162428], [-66.02248385, -48.10819786], [-66.0166161, -48.10925434], [-66.01413194, -48.10535678], [-66.00716488, -48.10327237], [-66.00253921, -48.10658458], [-65.99490114, -48.10518546], [-65.99183163, -48.10928289], [-65.98966156, -48.10824069], [-65.99146044, -48.10512835], [-65.98763426, -48.10201602], [-65.97552756, -48.09998872], [-65.95279895, -48.10292973], [-65.94518944, -48.10959698], [-65.94353333, -48.11388001], [-65.9460746, -48.1170209], [-65.95392682, -48.11546473], [-65.94704542, -48.1188055], [-65.95044329, -48.12315991], [-65.94090641, -48.12473035], [-65.93974999, -48.12331695], [-65.94254824, -48.12278871], [-65.94221987, -48.12037594], [-65.93800822, -48.12019034], [-65.94274811, -48.11750631], [-65.94012118, -48.11250944], [-65.93466746, -48.11203831], [-65.9347674, -48.11420838], [-65.93004179, -48.11559322], [-65.92889965, -48.11236667], [-65.9257302, -48.11248089], [-65.92485932, -48.11615002], [-65.92011944, -48.11196693], [-65.92129013, -48.10989679], [-65.91694999, -48.11029654], [-65.91612194, -48.10732698], [-65.9080984, -48.10561376], [-65.91756389, -48.10561376], [-65.91482275, -48.10318671], [-65.91776377, -48.09681928], [-65.90454348, -48.10332948], [-65.90976878, -48.09966035], [-65.90774148, -48.09887513], [-65.908955, -48.09577707], [-65.90578556, -48.09449216], [-65.90111706, -48.0990179], [-65.90224492, -48.10041702], [-65.89693397, -48.10320099], [-65.89423566, -48.10134501], [-65.90547147, -48.09309304], [-65.90438644, -48.0909658], [-65.89963228, -48.09066599], [-65.90340134, -48.09012347], [-65.90574273, -48.08649718], [-65.90437216, -48.08037244], [-65.91562225, -48.08075791], [-65.92734348, -48.07631784], [-65.93089839, -48.07813099], [-65.93559545, -48.07486161], [-65.94026395, -48.07504721], [-65.94807334, -48.06980764], [-65.94783064, -48.06690945], [-65.95017203, -48.06839424], [-65.95548299, -48.06578159], [-65.96788949, -48.04974878], [-65.97054497, -48.05000576], [-65.97220108, -48.05377483], [-65.980296, -48.05098134], [-65.95890465, -48.0401072], [-65.95733421, -48.03596694], [-65.95219457, -48.03444409], [-65.95242654, -48.03147431], [-65.94086834, -48.0308511], [-65.94258155, -48.02678222], [-65.94755462, -48.02811472], [-65.95108452, -48.02573505], [-65.94751533, -48.02452152], [-65.94862892, -48.02238001], [-65.95640976, -48.01988157], [-65.95324032, -48.0144564], [-65.94860037, -48.01321432], [-65.94583067, -48.01535584], [-65.9470442, -48.01639804], [-65.93810694, -48.01548433], [-65.93545146, -48.01818264], [-65.931868, -48.01721182], [-65.93430932, -48.01625527], [-65.93263894, -48.01150111], [-65.93796418, -48.01110136], [-65.93700763, -48.00848871], [-65.94274689, -48.00846016], [-65.94293249, -48.00393442], [-65.93458058, -48.00190712], [-65.93489467, -47.99809523], [-65.92734226, -47.99621069], [-65.92896981, -47.99302697], [-65.92411571, -47.99024301], [-65.92862717, -47.99008596], [-65.93138259, -47.98733055], [-65.93740738, -47.98848696], [-65.94251846, -47.98206242], [-65.94814351, -47.98237651], [-65.95139861, -47.97713693], [-65.94905722, -47.96774282], [-65.94121928, -47.95427983], [-65.92287363, -47.93894659], [-65.90955341, -47.93317877], [-65.89706124, -47.9315655], [-65.87254803, -47.93629111], [-65.86837922, -47.94120231], [-65.87473238, -47.94595648], [-65.87020664, -47.94537113], [-65.86883607, -47.94675598], [-65.87060639, -47.94779818], [-65.86773676, -47.94869762], [-65.86202606, -47.94824076], [-65.86745123, -47.94654182], [-65.86593789, -47.94385779], [-65.86776532, -47.94265854], [-65.86007014, -47.93773306], [-65.84843458, -47.9386325], [-65.83882631, -47.94217313], [-65.83737008, -47.94621346], [-65.84072512, -47.95088196], [-65.84250972, -47.96016186], [-65.83942594, -47.96100419], [-65.84009694, -47.96373105], [-65.83629932, -47.96298866], [-65.83776983, -47.96136111], [-65.83547127, -47.95836299], [-65.83193063, -47.96021897], [-65.83402932, -47.96280306], [-65.83101692, -47.96538716], [-65.82637697, -47.96490175], [-65.82833289, -47.96414508], [-65.82539188, -47.96311715], [-65.82689094, -47.96156098], [-65.82106602, -47.96040456], [-65.81795368, -47.95707808], [-65.81207165, -47.96060444], [-65.80429082, -47.96084714], [-65.80486189, -47.95827733], [-65.80069307, -47.95625003], [-65.80184949, -47.95413706], [-65.79832313, -47.95162435], [-65.7916416, -47.95286643], [-65.77952063, -47.95071064], [-65.77049771, -47.95290926], [-65.76508682, -47.95013957], [-65.76565789, -47.94668459], [-65.76994092, -47.94314395], [-65.77790735, -47.94588509], [-65.78600228, -47.9453283], [-65.79039952, -47.93803287], [-65.78742995, -47.93484915], [-65.79062795, -47.93167971], [-65.78510284, -47.92331353], [-65.76368769, -47.91943025], [-65.76572927, -47.91740295], [-65.76146052, -47.91621797], [-65.77404122, -47.91113792], [-65.76841618, -47.90729747], [-65.78307842, -47.90843961], [-65.78894617, -47.90544149], [-65.78661905, -47.90467055], [-65.79431423, -47.9024291], [-65.82098323, -47.90457061], [-65.82735067, -47.90150111], [-65.82759337, -47.89927393], [-65.83099124, -47.89914544], [-65.8339037, -47.89402008], [-65.84453989, -47.89349184], [-65.86098673, -47.86662297], [-65.86686876, -47.82559154], [-65.87573463, -47.80964439], [-65.874464, -47.80409073], [-65.87112323, -47.80216337], [-65.87040939, -47.80510438], [-65.86658322, -47.80407645], [-65.86504133, -47.80107833], [-65.8682536, -47.79976487], [-65.87395003, -47.80250601], [-65.87964646, -47.79855135], [-65.88074577, -47.79461096], [-65.87583457, -47.79305479], [-65.88093137, -47.79349737], [-65.88579975, -47.78041985], [-65.88490031, -47.77622248], [-65.88001766, -47.77423801], [-65.89827764, -47.76688548], [-65.89487977, -47.76370176], [-65.889269, -47.76645718]]]}}, {"type": "Feature", "properties": {"nombre": "Formosa", "categoria": "RESERVA NATURAL", "provincia": "FORMOSA"}, "geometry": {"type": "Polygon", "coordinates": [[[-61.83791188, -24.20686093], [-61.83664267, -24.21208849], [-61.83182259, -24.21648449], [-61.82688616, -24.2157872], [-61.82311569, -24.219641], [-61.81552172, -24.21682518], [-61.81217661, -24.21815189], [-61.81010378, -24.21455465], [-61.80299979, -24.2170348], [-61.79902729, -24.21554668], [-61.78326675, -24.22995044], [-61.78561168, -24.24090945], [-61.77840202, -24.25660717], [-61.78484539, -24.26390732], [-61.783778, -24.26756703], [-61.78758922, -24.2743964], [-61.78325642, -24.28155513], [-61.76780486, -24.28311069], [-61.76095968, -24.29065859], [-61.76030242, -24.28822043], [-61.75452272, -24.28601881], [-61.74948268, -24.2868382], [-61.7486764, -24.2912565], [-61.74284849, -24.29365682], [-61.73620534, -24.29499452], [-61.73154682, -24.2911601], [-61.7275538, -24.29170169], [-61.72632975, -24.29465874], [-61.72217035, -24.29403051], [-61.72125711, -24.29604596], [-61.72847546, -24.30356952], [-61.74208218, -24.33621502], [-61.75272706, -24.32789352], [-61.75964125, -24.31789801], [-61.75924884, -24.30448113], [-61.76576195, -24.30523969], [-61.77077999, -24.30934284], [-61.79431964, -24.33673676], [-61.8005661, -24.32759842], [-61.80245546, -24.32007954], [-61.82853482, -24.31839724], [-61.83453155, -24.31085891], [-61.83610739, -24.30101362], [-61.84498751, -24.30063176], [-61.84543184, -24.20731487], [-61.83791188, -24.20686093]]]}}, {"type": "Feature", "properties": {"nombre": "Quebrada del Condorito", "categoria": "PARQUE NACIONAL", "provincia": "CORDOBA"}, "geometry": {"type": "MultiPolygon", "coordinates": [[[[-64.82236584, -31.59614246], [-64.81686022, -31.59672844], [-64.79777201, -31.59078416], [-64.79044934, -31.58226471], [-64.78253634, -31.58348203], [-64.78247064, -31.57960424], [-64.77494633, -31.56889497], [-64.75927112, -31.60393631], [-64.76521866, -31.61095292], [-64.7594931, -31.62223058], [-64.75519236, -31.62238755], [-64.75900733, -31.62381647], [-64.75755916, -31.62787834], [-64.74861263, -31.62789037], [-64.75269244, -31.61818779], [-64.687499, -31.61925886], [-64.68695366, -31.62036321], [-64.68216601, -31.62310636], [-64.67978033, -31.63273117], [-64.68070217, -31.63647501], [-64.67948684, -31.66864875], [-64.68282749, -31.67902206], [-64.68828901, -31.67917775], [-64.69031521, -31.67561976], [-64.6962123, -31.67786722], [-64.693181, -31.70338491], [-64.68978867, -31.71309238], [-64.69018249, -31.71816638], [-64.69825091, -31.7316695], [-64.70277548, -31.73251093], [-64.70851325, -31.73813621], [-64.71225159, -31.73698112], [-64.71930249, -31.74023333], [-64.72417982, -31.74932866], [-64.73212726, -31.75297013], [-64.73547273, -31.76584408], [-64.7377861, -31.76686113], [-64.73792567, -31.77372187], [-64.73450548, -31.77532036], [-64.7419179, -31.78944532], [-64.75101649, -31.79377687], [-64.77439985, -31.82131184], [-64.78588208, -31.8218196], [-64.79082547, -31.82372253], [-64.79201387, -31.82784324], [-64.85808939, -31.82783461], [-64.86139431, -31.80103372], [-64.85825638, -31.79722318], [-64.85432499, -31.76574995], [-64.85005883, -31.75867903], [-64.84998839, -31.74555588], [-64.85353806, -31.73127235], [-64.85113269, -31.71882401], [-64.85241314, -31.70929183], [-64.86348616, -31.70720392], [-64.86481726, -31.70294098], [-64.86235518, -31.69506533], [-64.86460249, -31.6852547], [-64.85951846, -31.67982962], [-64.86189195, -31.66633046], [-64.79970667, -31.66625764], [-64.80000948, -31.63365277], [-64.84796864, -31.63608276], [-64.87715422, -31.63445391], [-64.87153372, -31.59950955], [-64.87078603, -31.55556108], [-64.82343922, -31.5538417], [-64.82236584, -31.59614246]]], [[[-64.67979622, -31.61873436], [-64.67952587, -31.63791669], [-64.68053291, -31.6364738], [-64.67961169, -31.63272692], [-64.68116997, -31.62424596], [-64.6824448, -31.62266311], [-64.68683755, -31.62025807], [-64.68733054, -31.61924617], [-64.67979622, -31.61873436]]]]}}, {"type": "Feature", "properties": {"nombre": "El Palmar", "categoria": "PARQUE NACIONAL", "provincia": "ENTRE RIOS"}, "geometry": {"type": "MultiPolygon", "coordinates": [[[[-58.20612249, -31.82651926], [-58.20290958, -31.83255512], [-58.20499369, -31.83613416], [-58.19763649, -31.84450391], [-58.19959657, -31.84846144], [-58.19757438, -31.85333156], [-58.2069936, -31.86604648], [-58.20805005, -31.8732022], [-58.20358181, -31.88533026], [-58.20290022, -31.91011706], [-58.19173718, -31.92302151], [-58.19281682, -31.92546899], [-58.2003261, -31.92248038], [-58.21536189, -31.92784673], [-58.22313501, -31.92334314], [-58.22618617, -31.92434722], [-58.24331686, -31.91895505], [-58.25834017, -31.91134236], [-58.28922814, -31.90976764], [-58.30965658, -31.91500156], [-58.31250025, -31.91443889], [-58.30521869, -31.90235972], [-58.32088314, -31.90421555], [-58.32329989, -31.89691019], [-58.31906707, -31.88349105], [-58.32055339, -31.87356886], [-58.32364653, -31.86892475], [-58.32245156, -31.85390133], [-58.31727681, -31.84511208], [-58.26000642, -31.86423539], [-58.25789269, -31.84570744], [-58.22797964, -31.8528295], [-58.20612249, -31.82651926]]], [[[-58.32380572, -31.85778111], [-58.32580093, -31.85979134], [-58.32387444, -31.85623978], [-58.32380572, -31.85778111]]]]}}, {"type": "Feature", "properties": {"nombre": "Chaco", "categoria": "PARQUE NACIONAL", "provincia": "CHACO"}, "geometry": {"type": "Polygon", "coordinates": [[[-59.60513388, -26.89420837], [-59.7056644, -26.89406032], [-59.70472321, -26.75884852], [-59.6047206, -26.75900309], [-59.60513388, -26.89420837]]]}}, {"type": "Feature", "properties": {"nombre": "Ri­o Pilcomayo", "categoria": "PARQUE NACIONAL", "provincia": "FORMOSA"}, "geometry": {"type": "Polygon", "coordinates": [[[-58.22721452, -24.92877936], [-58.22465258, -24.92710583], [-58.22354613, -24.93195993], [-58.21951294, -24.93092487], [-58.221012, -24.93356607], [-58.22486673, -24.93399437], [-58.21986986, -24.93510082], [-58.2250095, -24.93884847], [-58.22304644, -24.93949093], [-58.22408151, -24.94238197], [-58.22067888, -24.94162054], [-58.218347, -24.94564183], [-58.21427813, -24.94552286], [-58.2174666, -24.95032937], [-58.21320737, -24.95118598], [-58.21068514, -24.94809268], [-58.20966197, -24.95187602], [-58.20843892, -24.94845251], [-58.20685421, -24.95166187], [-58.20456993, -24.94818786], [-58.20200011, -24.94966312], [-58.20035828, -24.95339888], [-58.2029043, -24.95420789], [-58.19757431, -24.95399374], [-58.1975981, -24.9586099], [-58.19462378, -24.95958547], [-58.19553749, -24.96453475], [-58.19273925, -24.96449192], [-58.19346736, -24.96803256], [-58.19129729, -24.96643356], [-58.18734263, -24.97087364], [-58.18333086, -24.9671474], [-58.18126073, -24.96944596], [-58.17769153, -24.96740438], [-58.17602115, -24.96828954], [-58.17736317, -24.97107351], [-58.17366549, -24.97118773], [-58.17357983, -24.96866074], [-58.16808327, -24.96827527], [-58.1711385, -24.9675757], [-58.16909692, -24.96627652], [-58.16230118, -24.97153037], [-58.16244395, -24.97545648], [-58.15965998, -24.97078798], [-58.15854639, -24.97404308], [-58.15303556, -24.97332924], [-58.15360663, -24.97678422], [-58.14978046, -24.97521377], [-58.15008027, -24.98019637], [-58.15310694, -24.98190958], [-58.1485241, -24.98255203], [-58.14556881, -24.98500764], [-58.14621126, -24.98706349], [-58.14222805, -24.98672085], [-58.14422679, -24.98977608], [-58.13754527, -24.98879098], [-58.13984383, -24.9935737], [-58.13611759, -24.99637194], [-58.13922993, -24.99732849], [-58.13534665, -24.9980566], [-58.13815917, -25.0006407], [-58.1355608, -25.00363882], [-58.13768804, -25.0069653], [-58.13407601, -25.00930669], [-58.1371598, -25.01167663], [-58.12987864, -25.01121978], [-58.12997858, -25.01454626], [-58.12635228, -25.01250469], [-58.12715178, -25.01514589], [-58.12506738, -25.01244758], [-58.11873027, -25.01310793], [-58.11786637, -25.01864477], [-58.11315416, -25.01962648], [-58.11016976, -25.01746672], [-58.11079806, -25.0147572], [-58.10702829, -25.01585671], [-58.10615066, -25.01186223], [-58.10215316, -25.01394664], [-58.10049706, -25.01141965], [-58.10006876, -25.01496029], [-58.097399, -25.01414652], [-58.09831272, -25.01194789], [-58.09462931, -25.01344695], [-58.09648529, -25.0109628], [-58.09467214, -25.0089355], [-58.09057471, -25.0087499], [-58.09083169, -25.01196217], [-58.08537796, -25.01311859], [-58.08813338, -25.01553136], [-58.0836636, -25.01558184], [-58.08293664, -25.02344069], [-58.07808254, -25.02256981], [-58.08002418, -25.02523956], [-58.07679763, -25.02830907], [-58.07915329, -25.02926561], [-58.07862505, -25.03263493], [-58.07404221, -25.03396267], [-58.07725449, -25.03517619], [-58.07735442, -25.03750331], [-58.07057296, -25.04142942], [-58.06867415, -25.04571245], [-58.06650408, -25.04516993], [-58.0664327, -25.04117243], [-58.06147866, -25.04057281], [-58.05839488, -25.045741], [-58.05708141, -25.04205759], [-58.05401191, -25.04384219], [-58.05259851, -25.04174351], [-58.05505411, -25.04057281], [-58.04951473, -25.04030155], [-58.04884372, -25.03816004], [-58.04491761, -25.04307124], [-58.0377364, -25.04202904], [-58.03810759, -25.0396591], [-58.03162594, -25.0392879], [-58.03166877, -25.03573299], [-58.02350246, -25.03797444], [-58.02287428, -25.04124382], [-58.01986189, -25.03925935], [-58.01763471, -25.04067275], [-58.01666389, -25.03776029], [-58.01630697, -25.04202904], [-58.01387992, -25.03817431], [-58.011253, -25.04090118], [-58.00752676, -25.03527613], [-58.00281543, -25.03746048], [-58.00474279, -25.03940211], [-58.00431449, -25.04539836], [-58.00168756, -25.04708301], [-58.00407178, -25.04879623], [-58.00003146, -25.05472108], [-57.99761868, -25.0538502], [-57.99596258, -25.05970368], [-57.99654793, -25.06284456], [-57.99936045, -25.06295878], [-57.99737598, -25.06635665], [-58.00091662, -25.06639948], [-57.99951749, -25.07416604], [-57.99721893, -25.07268126], [-57.99396383, -25.07649315], [-57.99097999, -25.07487988], [-57.99116559, -25.08151858], [-57.9864257, -25.0799053], [-57.98564048, -25.08336028], [-57.9821855, -25.08240373], [-57.97537548, -25.08627274], [-57.974319, -25.08294625], [-57.96809433, -25.08103317], [-57.96945063, -25.07729265], [-57.97129233, -25.07906297], [-57.97150648, -25.0774497], [-57.96852263, -25.07636466], [-57.96771907, -25.07806618], [-57.96779146, -25.16610759], [-58.13113095, -25.1660104], [-58.12677644, -25.17373321], [-58.13768339, -25.17914156], [-58.14159876, -25.17855606], [-58.14205216, -25.17466147], [-58.14496912, -25.17273116], [-58.14394934, -25.16828758], [-58.15358839, -25.16291343], [-58.16562928, -25.16284031], [-58.17230139, -25.15909929], [-58.17323977, -25.15493719], [-58.182081, -25.15401898], [-58.18226447, -25.13651405], [-58.32029501, -24.98932041], [-58.31094849, -24.9870742], [-58.31317328, -24.9839119], [-58.31471994, -24.98533957], [-58.31439276, -24.98281139], [-58.31100203, -24.98307908], [-58.31210253, -24.9808186], [-58.30993127, -24.98188935], [-58.31013947, -24.97965861], [-58.3078195, -24.98129449], [-58.30683797, -24.97778478], [-58.30282263, -24.97885554], [-58.30401236, -24.97513763], [-58.29933791, -24.97631309], [-58.30199339, -24.97425723], [-58.29766753, -24.97441428], [-58.29471224, -24.97035967], [-58.29601142, -24.96744721], [-58.28838763, -24.96397796], [-58.28623184, -24.95839574], [-58.28911574, -24.95729643], [-58.28478988, -24.95539762], [-58.2798644, -24.95648266], [-58.27985012, -24.95374152], [-58.27692339, -24.95456957], [-58.27847955, -24.95198548], [-58.27563848, -24.95329894], [-58.27089859, -24.94964409], [-58.27132689, -24.94691723], [-58.26752927, -24.94536106], [-58.26613015, -24.9471171], [-58.2665299, -24.94284835], [-58.26326052, -24.94301967], [-58.2622897, -24.93966463], [-58.26034806, -24.94077822], [-58.25952001, -24.93805135], [-58.25726428, -24.93836544], [-58.25769258, -24.93569569], [-58.2547944, -24.9356243], [-58.25536547, -24.93186475], [-58.25174869, -24.93452975], [-58.25022583, -24.93184096], [-58.2452825, -24.93317346], [-58.241749, -24.9316744], [-58.24199885, -24.92803382], [-58.23846535, -24.92914027], [-58.23810843, -24.92696306], [-58.23143404, -24.93003257], [-58.23086297, -24.92596369], [-58.22721452, -24.92877936]]]}}, {"type": "Feature", "properties": {"nombre": "Lihue Calel", "categoria": "PARQUE NACIONAL", "provincia": "LA PAMPA"}, "geometry": {"type": "Polygon", "coordinates": [[[-65.45751683, -37.78170421], [-65.45993534, -37.87278138], [-65.54551205, -37.87131678], [-65.54992119, -38.05107745], [-65.66395669, -38.04896687], [-65.65675568, -37.82259623], [-65.54409185, -37.82552511], [-65.54249366, -37.78052484], [-65.45751683, -37.78170421]]]}}, {"type": "Feature", "properties": {"nombre": "El Impenetrable", "categoria": "PARQUE NACIONAL", "provincia": "CHACO"}, "geometry": {"type": "Polygon", "coordinates": [[[-61.14769089, -24.75656518], [-61.1488314, -24.759899], [-61.15795552, -24.7577057], [-61.16172799, -24.76305734], [-61.15690274, -24.78665722], [-61.13891212, -24.78845639], [-61.14668634, -24.79191718], [-61.14733996, -24.80332628], [-61.13293838, -24.81899834], [-61.11383002, -24.83292268], [-61.103151, -24.83777678], [-61.09167248, -24.8379481], [-61.09047323, -24.84057503], [-61.09544155, -24.84805605], [-61.09150116, -24.85479469], [-61.07505432, -24.85445204], [-61.06905808, -24.85639369], [-61.06894387, -24.85930615], [-61.07933735, -24.86473132], [-61.07688175, -24.87581009], [-61.06300473, -24.87586719], [-61.04136116, -24.90030902], [-61.02531407, -24.89117189], [-61.03382302, -24.90156537], [-61.03171006, -24.90476337], [-61.01589141, -24.91167332], [-61.0222874, -24.91681296], [-61.02195457, -24.92157849], [-61.01566298, -24.9252648], [-61.00721113, -24.92640695], [-60.99824532, -24.92092467], [-60.99921614, -24.92777752], [-60.99636079, -24.93445904], [-60.98539623, -24.94365328], [-60.97193426, -24.94525572], [-60.96379471, -24.95008278], [-60.95804195, -24.95770162], [-60.95638585, -24.96820932], [-60.9503896, -24.97529059], [-60.94159512, -24.97677538], [-60.94108115, -24.97117888], [-60.946335, -24.96900882], [-60.94941878, -24.96392629], [-60.9446789, -24.95970036], [-60.93959637, -24.95987169], [-60.93719787, -24.96386918], [-60.93714076, -24.97174995], [-60.94513575, -24.98328558], [-60.94433625, -24.98802547], [-60.94085272, -24.98802547], [-60.92674728, -24.97894544], [-60.9220645, -24.97945941], [-60.92166475, -24.98654068], [-60.92960263, -24.98534144], [-60.93845423, -24.99013843], [-60.94250883, -25.00053192], [-60.94188065, -25.00515759], [-60.92606199, -25.00138852], [-60.92120789, -25.00989747], [-60.91309869, -25.01555107], [-60.89328254, -25.01132515], [-60.87635817, -25.02353371], [-60.86924047, -25.03456773], [-60.86581404, -25.03234055], [-60.86027466, -25.03411087], [-60.83000791, -25.03331137], [-60.81921468, -25.03662358], [-60.82458274, -25.03930761], [-60.83194955, -25.0367949], [-60.83954479, -25.0375944], [-60.84148643, -25.04182032], [-60.83157719, -25.04801304], [-61.05504078, -25.25608361], [-61.04943114, -25.24675486], [-61.05355022, -25.24427267], [-61.05922335, -25.24615494], [-61.0616804, -25.25113679], [-61.05841682, -25.26176163], [-61.0648007, -25.26308409], [-61.06757256, -25.26035246], [-61.06550424, -25.25464665], [-61.07173468, -25.24998084], [-61.07571101, -25.2385282], [-61.07196605, -25.23007036], [-61.07549525, -25.22302375], [-61.07305483, -25.21934108], [-61.07850531, -25.21626257], [-61.07811082, -25.21458945], [-61.07095862, -25.21686289], [-61.06745953, -25.21545628], [-61.07491361, -25.20773125], [-61.06702436, -25.20381021], [-61.07987939, -25.19507054], [-61.08103308, -25.2054228], [-61.0839925, -25.20655637], [-61.08685666, -25.19942675], [-61.08476938, -25.18802473], [-61.07158036, -25.19111923], [-61.07142478, -25.18384869], [-61.07628089, -25.17625076], [-61.09603629, -25.18009269], [-61.09409756, -25.1638652], [-61.09784393, -25.15778965], [-61.09817011, -25.15047105], [-61.1048992, -25.15323621], [-61.10414252, -25.14541037], [-61.11177053, -25.1437484], [-61.11751892, -25.13798974], [-61.1258648, -25.13805355], [-61.12814554, -25.13560009], [-61.12442363, -25.13154717], [-61.12700387, -25.12367847], [-61.12828014, -25.12244038], [-61.13110935, -25.12490043], [-61.13637593, -25.12279599], [-61.13680046, -25.11910208], [-61.15305935, -25.12193], [-61.14957898, -25.12859567], [-61.15366064, -25.13099859], [-61.16107231, -25.12464317], [-61.1557281, -25.11759537], [-61.1592376, -25.1140679], [-61.15931494, -25.11990104], [-61.16228091, -25.12195072], [-61.17837512, -25.12112463], [-61.18389109, -25.11603454], [-61.19596226, -25.11699093], [-61.19920309, -25.11492997], [-61.21012386, -25.11870193], [-61.21341714, -25.12364548], [-61.2158627, -25.12346458], [-61.21788094, -25.11434431], [-61.22053005, -25.11250059], [-61.21694782, -25.10667826], [-61.21276117, -25.1053928], [-61.21605354, -25.09776811], [-61.219461, -25.09569984], [-61.22041653, -25.10209514], [-61.22627871, -25.09794774], [-61.22815833, -25.09293727], [-61.23628182, -25.10219002], [-61.23706975, -25.09045917], [-61.235384, -25.08843474], [-61.23225633, -25.09117296], [-61.2292707, -25.08899766], [-61.23657104, -25.08515802], [-61.24135956, -25.07563587], [-61.24252071, -25.08160276], [-61.24555096, -25.08283355], [-61.25041653, -25.07112038], [-61.24610213, -25.06554645], [-61.25335729, -25.0623931], [-61.24873775, -25.05953344], [-61.237974, -25.06019467], [-61.23252177, -25.05743845], [-61.23755535, -25.05440511], [-61.24389508, -25.05600452], [-61.24732604, -25.05354932], [-61.23670197, -25.04653759], [-61.23351959, -25.04101651], [-61.24195605, -25.04062218], [-61.24934549, -25.0446144], [-61.24662354, -25.03695138], [-61.24936284, -25.03629758], [-61.25721196, -25.04156767], [-61.25750055, -25.03485408], [-61.26129638, -25.03415655], [-61.26370953, -25.030634], [-61.26183122, -25.02561244], [-61.27066862, -25.02455011], [-61.26893819, -25.01888468], [-61.27027485, -25.01207441], [-61.26435812, -25.00704595], [-61.26815578, -25.00447312], [-61.27659672, -25.0041896], [-61.27888174, -24.99992953], [-61.27218392, -24.99976787], [-61.26650023, -25.00303518], [-61.2628716, -24.9986155], [-61.27125254, -24.99429072], [-61.27492337, -24.98951746], [-61.27913067, -24.99740983], [-61.28485408, -25.00109338], [-61.29741997, -25.0017125], [-61.31014272, -24.99658076], [-61.31608827, -24.99221771], [-61.31900286, -24.98644873], [-61.32151478, -24.98652147], [-61.32738746, -24.97369472], [-61.33264295, -24.97520833], [-61.33427123, -24.97292938], [-61.33103938, -24.9612173], [-61.34050441, -24.96156407], [-61.35145834, -24.95221185], [-61.35943191, -24.95306032], [-61.36133845, -24.9595788], [-61.36612808, -24.96088193], [-61.36556611, -24.96416233], [-61.37828857, -24.96062528], [-61.37637709, -24.95751341], [-61.36737154, -24.95542277], [-61.36764077, -24.94824832], [-61.37345564, -24.94862084], [-61.28845453, -24.87184525], [-61.17255187, -24.76126615], [-61.15713943, -24.75137482], [-61.15398998, -24.7439714], [-61.14769089, -24.75656518]]]}}, {"type": "Feature", "properties": {"nombre": "Los Cardones", "categoria": "PARQUE NACIONAL", "provincia": "SALTA"}, "geometry": {"type": "Polygon", "coordinates": [[[-65.84852301, -25.09234369], [-65.83258706, -25.1189768], [-65.83515189, -25.1271777], [-65.85264329, -25.12624116], [-65.86976733, -25.13575539], [-65.87129592, -25.14322686], [-65.87681478, -25.14637773], [-65.87619837, -25.15029814], [-65.87972051, -25.15331889], [-65.87781648, -25.15888172], [-65.88522024, -25.16304189], [-65.87952439, -25.17345465], [-65.86884522, -25.17545734], [-65.85844349, -25.18046016], [-65.857328, -25.1834375], [-65.84896615, -25.18503356], [-65.8417725, -25.18330636], [-65.84004276, -25.1886218], [-65.83065276, -25.19259517], [-65.83774104, -25.19847967], [-65.83919264, -25.2225056], [-65.81654393, -25.29235365], [-65.81630299, -25.30071973], [-65.82363985, -25.31095938], [-65.8322606, -25.31310783], [-65.85795309, -25.30310894], [-65.89427982, -25.31716928], [-65.89592253, -25.32786825], [-65.88326824, -25.34505339], [-65.88087777, -25.36275701], [-65.88724681, -25.38486577], [-65.88490197, -25.39030977], [-65.8849159, -25.41472461], [-65.88132007, -25.42288194], [-65.88274423, -25.43976768], [-65.88111214, -25.46737337], [-65.88393647, -25.48843666], [-65.89386452, -25.51731338], [-65.89200373, -25.52846428], [-65.95642299, -25.53138917], [-65.95657647, -25.52179413], [-65.96145592, -25.51431605], [-65.95915321, -25.51002237], [-65.96225333, -25.48852707], [-65.96169162, -25.48381704], [-65.95202341, -25.48389214], [-65.9619984, -25.45915643], [-65.96155141, -25.44609008], [-65.95771586, -25.4419986], [-65.9563417, -25.43221921], [-65.9613057, -25.4276879], [-65.96056293, -25.42145999], [-65.97889684, -25.4112369], [-65.97145469, -25.39295917], [-65.97331118, -25.38554493], [-66.0097, -25.37946], [-66.00141988, -25.35134841], [-65.99882527, -25.32289458], [-66.00456548, -25.30931982], [-66.01512136, -25.29688811], [-66.0178822, -25.28114031], [-66.04620687, -25.21093735], [-66.04522822, -25.20252062], [-66.04143093, -25.20000457], [-66.04135159, -25.19228875], [-66.03760759, -25.18525112], [-66.04039993, -25.1748405], [-66.03787169, -25.16923153], [-66.03925057, -25.16170975], [-66.03569266, -25.15232036], [-66.03027478, -25.14881334], [-66.02865142, -25.1448959], [-66.03119869, -25.14217118], [-66.02725895, -25.13937068], [-66.02916647, -25.13691944], [-66.02586222, -25.1298471], [-66.00958416, -25.13569358], [-65.99737162, -25.13006001], [-65.96286845, -25.12332832], [-65.94453931, -25.11461271], [-65.90738609, -25.10344589], [-65.90124135, -25.0995343], [-65.8850292, -25.08667007], [-65.88168518, -25.07364872], [-65.89834947, -25.0633843], [-65.85267545, -25.07517415], [-65.84852301, -25.09234369]]]}}, {"type": "Feature", "properties": {"nombre": "Islas de Santa Fe", "categoria": "PARQUE NACIONAL", "provincia": "SANTA FE"}, "geometry": {"type": "MultiPolygon", "coordinates": [[[[-60.69274093, -32.30164603], [-60.68642916, -32.30366581], [-60.68215547, -32.31147964], [-60.68244793, -32.31794528], [-60.69666925, -32.32292589], [-60.69391479, -32.32036079], [-60.7032239, -32.30600718], [-60.70769709, -32.30306992], [-60.69274093, -32.30164603]]], [[[-60.71221359, -32.24164991], [-60.71584233, -32.2650851], [-60.73230101, -32.28227625], [-60.73127549, -32.26940161], [-60.72685637, -32.26656413], [-60.72142838, -32.25803757], [-60.72152355, -32.25077293], [-60.71722296, -32.24590975], [-60.71587574, -32.24261201], [-60.71221359, -32.24164991]]], [[[-60.73100471, -32.26808334], [-60.73239068, -32.26320179], [-60.72767951, -32.24722155], [-60.71304245, -32.23455868], [-60.71385741, -32.23956851], [-60.7218575, -32.2506859], [-60.72281014, -32.25963475], [-60.73100471, -32.26808334]]], [[[-60.67912072, -32.2277505], [-60.67863507, -32.22983066], [-60.67919677, -32.23804343], [-60.68572448, -32.23050994], [-60.67912072, -32.2277505]]], [[[-60.6812703, -32.24772769], [-60.68075756, -32.26034497], [-60.68487965, -32.27661866], [-60.69356175, -32.26983492], [-60.69331085, -32.26382679], [-60.69595729, -32.26738775], [-60.68518846, -32.27868333], [-60.68891522, -32.28933687], [-60.68792511, -32.30130682], [-60.70783604, -32.30232867], [-60.71458944, -32.30061023], [-60.72327145, -32.3031222], [-60.73056459, -32.30711853], [-60.73428461, -32.31959803], [-60.73517381, -32.31683039], [-60.73800735, -32.31789266], [-60.73383449, -32.32229692], [-60.73914372, -32.32022704], [-60.73010544, -32.32529654], [-60.73360799, -32.327324], [-60.73698807, -32.32613754], [-60.74231672, -32.32092486], [-60.7437914, -32.31408939], [-60.74805603, -32.3094353], [-60.72800907, -32.28947509], [-60.72378348, -32.27898525], [-60.71281991, -32.26689655], [-60.70530075, -32.2470511], [-60.70276035, -32.22437903], [-60.69152505, -32.23214766], [-60.6812703, -32.24772769]]]]}}, {"type": "Feature", "properties": {"nombre": "Ibera", "categoria": "PARQUE NACIONAL", "provincia": "CORRIENTES"}, "geometry": {"type": "MultiPolygon", "coordinates": [[[[-57.20711762, -28.55571755], [-57.31880978, -28.65954642], [-57.32551127, -28.66203555], [-57.36362595, -28.66601219], [-57.39890525, -28.68663056], [-57.43442092, -28.68942552], [-57.4356664, -28.66125004], [-57.44884928, -28.66125435], [-57.44948, -28.64891], [-57.48165825, -28.64784085], [-57.48204968, -28.62270572], [-57.45134227, -28.62667778], [-57.45097538, -28.63105852], [-57.44737197, -28.63164313], [-57.44104, -28.63061522], [-57.43905832, -28.62497468], [-57.40871013, -28.62050949], [-57.40255926, -28.61644517], [-57.38523965, -28.61753252], [-57.37010363, -28.6123741], [-57.34156364, -28.61237232], [-57.31903465, -28.60884587], [-57.2730284, -28.59047484], [-57.24632508, -28.57580399], [-57.21385181, -28.55007262], [-57.20711762, -28.55571755]]], [[[-57.19647534, -28.54843608], [-57.19732973, -28.55721897], [-57.19438524, -28.5553094], [-57.19234751, -28.56229993], [-57.18876631, -28.56437278], [-57.19536315, -28.57029566], [-57.18889494, -28.57159823], [-57.18165291, -28.57859418], [-57.19361999, -28.58399985], [-57.18899008, -28.58492956], [-57.18834087, -28.58892187], [-57.19041854, -28.59305777], [-57.19459323, -28.59382414], [-57.19324179, -28.59906041], [-57.18726118, -28.59787731], [-57.18486541, -28.60620092], [-57.19336993, -28.6079706], [-57.19015358, -28.61532616], [-57.20369485, -28.61677676], [-57.20211374, -28.61967208], [-57.19373725, -28.62292987], [-57.20029972, -28.62869267], [-57.20977654, -28.63220916], [-57.21060177, -28.63625862], [-57.2042958, -28.63332632], [-57.2005372, -28.63428274], [-57.19972434, -28.67136386], [-57.20454137, -28.70348027], [-57.20838722, -28.71374423], [-57.23382269, -28.69781472], [-57.24019497, -28.70253795], [-57.23572932, -28.70675968], [-57.24013124, -28.70734562], [-57.2424336, -28.71191549], [-57.28101382, -28.72201194], [-57.29230441, -28.72062173], [-57.30033601, -28.71588383], [-57.30786153, -28.71592963], [-57.32606301, -28.7071548], [-57.3254659, -28.70896838], [-57.34188929, -28.70457135], [-57.42996, -28.72571], [-57.43436938, -28.69032427], [-57.39585349, -28.68714575], [-57.36296322, -28.66705772], [-57.32517583, -28.66278287], [-57.31797372, -28.66009615], [-57.20083742, -28.55112567], [-57.19647534, -28.54843608]]], [[[-57.56412099, -28.46388312], [-57.5443225, -28.48477348], [-57.55582736, -28.50049428], [-57.58062097, -28.50948983], [-57.60937959, -28.50547435], [-57.6022626, -28.49506677], [-57.58521579, -28.48261462], [-57.58373056, -28.47995576], [-57.58556308, -28.47279515], [-57.58284685, -28.46458906], [-57.57823636, -28.46757386], [-57.57937591, -28.47128832], [-57.57531374, -28.47256683], [-57.56412099, -28.46388312]]], [[[-57.81318204, -28.47081634], [-57.83595243, -28.44339492], [-57.82523451, -28.43658093], [-57.83552859, -28.42377727], [-57.82949783, -28.42003435], [-57.8157797, -28.43203125], [-57.80447258, -28.43809125], [-57.81585995, -28.44555366], [-57.80497058, -28.46268526], [-57.81318204, -28.47081634]]], [[[-57.64290996, -28.34677614], [-57.64760334, -28.35497057], [-57.63114015, -28.36431976], [-57.64366425, -28.39128015], [-57.67951711, -28.38390313], [-57.7056586, -28.39870784], [-57.7032003, -28.39993023], [-57.70462988, -28.40217916], [-57.70218871, -28.40481542], [-57.67384416, -28.40558822], [-57.67377367, -28.40355908], [-57.6712238, -28.40362831], [-57.6713647, -28.4076866], [-57.66881473, -28.40775578], [-57.66864233, -28.40278663], [-57.65016091, -28.40328664], [-57.65309355, -28.40807257], [-57.6421253, -28.41693518], [-57.6417334, -28.43246766], [-57.65091056, -28.44455091], [-57.67318565, -28.46071273], [-57.67452825, -28.43486957], [-57.68945633, -28.44908953], [-57.69190216, -28.45944266], [-57.68973908, -28.46772332], [-57.69400967, -28.46825132], [-57.69846504, -28.48752166], [-57.71696482, -28.50767062], [-57.71510755, -28.50826387], [-57.71761084, -28.51785583], [-57.76465159, -28.50980889], [-57.75527482, -28.46532256], [-57.76221824, -28.47311173], [-57.77959013, -28.48291613], [-57.79150281, -28.48346905], [-57.79956719, -28.48901866], [-57.81307859, -28.47093576], [-57.80491824, -28.4627676], [-57.80051266, -28.46848819], [-57.786803, -28.45938815], [-57.76472567, -28.46842859], [-57.76428142, -28.46807455], [-57.78670526, -28.4592768], [-57.79369978, -28.45056869], [-57.77725189, -28.4265161], [-57.7841184, -28.42452641], [-57.66835897, -28.34965033], [-57.65638529, -28.35944768], [-57.6487751, -28.34933755], [-57.6504572, -28.34728594], [-57.65848891, -28.34959263], [-57.66292655, -28.3462523], [-57.65160896, -28.33917033], [-57.64290996, -28.34677614]]], [[[-57.12042716, -28.05671245], [-57.10192347, -28.06096401], [-57.10843209, -28.10491734], [-57.13146201, -28.07627449], [-57.13642257, -28.07294897], [-57.12915192, -28.07147614], [-57.12042716, -28.05671245]]], [[[-57.295218, -27.87830865], [-57.2896621, -27.88357567], [-57.24856001, -27.85855897], [-57.26712263, -27.87727101], [-57.26448316, -27.88001465], [-57.22291127, -27.87415094], [-57.21146804, -27.89665177], [-57.20131305, -27.90139167], [-57.1967886, -27.93550798], [-57.22029477, -27.95265601], [-57.22691361, -27.90102045], [-57.24894758, -27.90773719], [-57.26580479, -27.90997866], [-57.22427093, -27.95555572], [-57.27084275, -27.98949915], [-57.27136033, -27.99301555], [-57.28090705, -28.00169794], [-57.2788142, -28.02510097], [-57.22708208, -28.00313921], [-57.24549573, -28.0384316], [-57.28643518, -28.06169653], [-57.29535112, -28.07368141], [-57.2133218, -28.06169985], [-57.21741382, -28.04659693], [-57.19210815, -27.98671233], [-57.15809, -27.98481], [-57.11178881, -27.96746027], [-57.10922187, -27.97562477], [-57.10242684, -27.97394369], [-57.0966898, -27.98569598], [-57.09636881, -27.99832593], [-57.10963477, -28.01190414], [-57.11500542, -28.0308945], [-57.12430617, -28.0379051], [-57.12569577, -28.04866301], [-57.1227636, -28.05116524], [-57.13029885, -28.05968387], [-57.1310849, -28.06414146], [-57.14122452, -28.0716724], [-57.15212736, -28.07639814], [-57.15508718, -28.07272878], [-57.13227728, -28.05219079], [-57.12482473, -28.02708623], [-57.12052156, -28.02508034], [-57.12751689, -28.02665061], [-57.1326597, -28.04689727], [-57.16408013, -28.0719489], [-57.12223357, -28.09552149], [-57.13693095, -28.10663814], [-57.13009247, -28.11099865], [-57.15009317, -28.13869391], [-57.15155971, -28.15363969], [-57.16759856, -28.16260386], [-57.17239607, -28.15741393], [-57.18263538, -28.17356165], [-57.19290836, -28.16986601], [-57.20345972, -28.17644686], [-57.21004402, -28.17690614], [-57.22082555, -28.15587361], [-57.2152349, -28.15019322], [-57.22323223, -28.13812508], [-57.25584397, -28.1292663], [-57.27096276, -28.15718237], [-57.29666876, -28.18335936], [-57.31612108, -28.1847829], [-57.28863649, -28.15770236], [-57.30427006, -28.13800107], [-57.32472005, -28.14647161], [-57.32252474, -28.13804226], [-57.34465643, -28.14646088], [-57.38001898, -28.13611617], [-57.3804589, -28.14186389], [-57.38646089, -28.14654133], [-57.38702701, -28.17602566], [-57.37095877, -28.18101517], [-57.37768457, -28.19514992], [-57.37387982, -28.20610255], [-57.39318761, -28.21517398], [-57.39807892, -28.23082732], [-57.38288058, -28.25018232], [-57.33044373, -28.21678098], [-57.32679901, -28.2209522], [-57.29265123, -28.19914706], [-57.29603973, -28.19588391], [-57.29000376, -28.18765525], [-57.28220656, -28.18509278], [-57.26152726, -28.20698757], [-57.26520444, -28.20798855], [-57.26548969, -28.21333913], [-57.273705, -28.21738726], [-57.28994977, -28.2017484], [-57.32170211, -28.22219705], [-57.31944859, -28.22482786], [-57.33083373, -28.22765065], [-57.31352551, -28.24432792], [-57.31399346, -28.24893837], [-57.30950696, -28.24935102], [-57.31150277, -28.25196221], [-57.31599952, -28.25125124], [-57.33607705, -28.2310614], [-57.3421134, -28.23341599], [-57.31792573, -28.25861615], [-57.32254064, -28.26315629], [-57.33811284, -28.27330456], [-57.34195229, -28.27002401], [-57.3438574, -28.27546251], [-57.35481787, -28.27896783], [-57.35591311, -28.28393077], [-57.36405515, -28.2830976], [-57.36709159, -28.289287], [-57.37691032, -28.28964224], [-57.37574741, -28.29642563], [-57.38021926, -28.29483758], [-57.39560576, -28.29813621], [-57.40553721, -28.30481481], [-57.40782875, -28.3115404], [-57.41897162, -28.31887716], [-57.4224767, -28.31834113], [-57.42492048, -28.32229659], [-57.42965605, -28.31911451], [-57.42918469, -28.32266522], [-57.43121557, -28.32227684], [-57.4374305, -28.33342995], [-57.44311766, -28.33847281], [-57.44873233, -28.33897968], [-57.4494949, -28.34064832], [-57.44679454, -28.34017972], [-57.4488174, -28.34323592], [-57.45599763, -28.34378507], [-57.45618821, -28.33786378], [-57.45829, -28.33718827], [-57.46538421, -28.34284618], [-57.4625301, -28.3442883], [-57.45917603, -28.34243749], [-57.46156279, -28.34524652], [-57.48235345, -28.34794391], [-57.47616025, -28.35097374], [-57.47940522, -28.35244253], [-57.47596097, -28.35469871], [-57.47821755, -28.3644312], [-57.49143063, -28.37355162], [-57.51842758, -28.3745498], [-57.51925361, -28.37788892], [-57.53023055, -28.38145154], [-57.54428182, -28.39483679], [-57.54892946, -28.39562984], [-57.55150955, -28.39337533], [-57.55681508, -28.39607531], [-57.56063535, -28.39352908], [-57.55946531, -28.39692388], [-57.56913136, -28.39707483], [-57.5725207, -28.3947688], [-57.57239502, -28.39147483], [-57.56201423, -28.3887965], [-57.55933637, -28.38264822], [-57.56875334, -28.37683192], [-57.56215881, -28.36501813], [-57.57266541, -28.36977782], [-57.57721439, -28.37717093], [-57.62667741, -28.3957274], [-57.59929498, -28.37052955], [-57.57310759, -28.34004528], [-57.5815998, -28.32168364], [-57.5872112, -28.32041443], [-57.58415415, -28.28343313], [-57.57101575, -28.26918261], [-57.56017526, -28.2649776], [-57.56302728, -28.2569263], [-57.55252436, -28.24772948], [-57.54396794, -28.21314194], [-57.50473897, -28.17280502], [-57.48387712, -28.16351564], [-57.4803296, -28.15872206], [-57.47082482, -28.1546902], [-57.46446474, -28.14895778], [-57.45617827, -28.14806238], [-57.45061499, -28.14483712], [-57.44304611, -28.13625788], [-57.44231649, -28.13460533], [-57.44696992, -28.13769389], [-57.45379267, -28.13337409], [-57.45238141, -28.13080033], [-57.44678495, -28.13206015], [-57.439968, -28.12928569], [-57.44217083, -28.11912924], [-57.43818402, -28.1097827], [-57.46768144, -28.09040719], [-57.46338684, -28.08049115], [-57.4555839, -28.07459314], [-57.45268755, -28.07635911], [-57.44897418, -28.05757327], [-57.44332016, -28.05007244], [-57.4177924, -28.06666258], [-57.41342131, -28.04931667], [-57.42474104, -28.04157302], [-57.42617178, -28.04321493], [-57.43080331, -28.04020081], [-57.41378519, -28.00750108], [-57.40380635, -28.01114053], [-57.39776941, -27.99075346], [-57.40314298, -27.98650795], [-57.40200489, -27.97586217], [-57.39272418, -27.96526904], [-57.38102695, -27.95779555], [-57.38120074, -27.94901695], [-57.37128136, -27.93387888], [-57.36160045, -27.93923454], [-57.33179106, -27.90922305], [-57.32816266, -27.90014033], [-57.30061049, -27.8611528], [-57.28192472, -27.8421881], [-57.28320841, -27.84749916], [-57.29611585, -27.86154245], [-57.28653472, -27.87206453], [-57.295218, -27.87830865]], [[-57.33642935, -27.9340703], [-57.3311256, -27.94800428], [-57.30977105, -27.93204676], [-57.29784889, -27.92872009], [-57.29705446, -27.91650432], [-57.32424528, -27.9222009], [-57.33642935, -27.9340703]], [[-57.39894586, -28.00380642], [-57.40651802, -28.03208411], [-57.40990395, -28.03546577], [-57.40947323, -28.04525216], [-57.40322909, -28.04674851], [-57.40046427, -28.03347622], [-57.39306445, -28.02129262], [-57.39240221, -28.00418956], [-57.39894586, -28.00380642]]], [[[-56.81501613, -27.86260725], [-56.82028294, -27.87776024], [-56.81374061, -27.88034626], [-56.82612585, -27.8947314], [-56.82168284, -27.90425355], [-56.81888499, -27.92541204], [-56.82356923, -27.93508804], [-56.82705123, -27.93588868], [-56.83217976, -27.92316455], [-56.83293377, -27.90198913], [-56.84204812, -27.8971854], [-56.86315375, -27.8957098], [-56.8598818, -27.91429834], [-56.83633333, -27.91602778], [-56.829334, -27.93656304], [-56.83385694, -27.93871194], [-56.82481626, -27.94585775], [-56.82903411, -27.95878969], [-56.83789471, -27.96654197], [-56.87015368, -27.96092186], [-56.9032747, -27.96485606], [-56.96477507, -28.00073822], [-57.00186409, -28.02527983], [-56.99719498, -27.97944601], [-56.99154667, -27.97200627], [-56.99498286, -27.96559216], [-57.01624044, -27.95566698], [-57.02801883, -27.97554807], [-56.99941814, -27.9889384], [-57.00728062, -28.00584544], [-57.01217768, -28.04510636], [-57.06935789, -28.07142201], [-57.08290653, -28.08547223], [-57.10033586, -28.07181177], [-57.09093287, -28.0396958], [-57.09467259, -28.02017253], [-57.09281775, -27.97877285], [-57.10757421, -27.95432815], [-57.09110344, -27.91786776], [-57.0875343, -27.92218525], [-57.04727681, -27.94116338], [-57.03977584, -27.93318947], [-57.03889587, -27.9105787], [-57.03584011, -27.89945106], [-57.0282079, -27.90103673], [-57.02321848, -27.88207258], [-56.9869657, -27.88903839], [-56.9842131, -27.87336892], [-56.96718973, -27.87727288], [-56.96438214, -27.88127751], [-56.9781352, -27.87801065], [-56.9759364, -27.89529097], [-56.96343955, -27.89825877], [-56.95971056, -27.89095533], [-56.91344384, -27.9019339], [-56.91104375, -27.89397166], [-56.90377105, -27.89570181], [-56.89345781, -27.86178281], [-56.86931105, -27.8666508], [-56.85612917, -27.84715247], [-56.86103, -27.83235], [-56.83877913, -27.8126648], [-56.82981075, -27.82270978], [-56.8129002, -27.82946105], [-56.80962121, -27.83822113], [-56.81658687, -27.85656987], [-56.81501613, -27.86260725]]]]}}, {"type": "Feature", "properties": {"nombre": "Iguazu", "categoria": "PARQUE NACIONAL", "provincia": "MISIONES"}, "geometry": {"type": "Polygon", "coordinates": [[[-54.16324198, -25.58963067], [-54.16040149, -25.72620193], [-54.16195635, -25.72660011], [-54.16402916, -25.76174368], [-54.39222743, -25.7542705], [-54.39213398, -25.74650246], [-54.40297337, -25.73542972], [-54.40302122, -25.72715255], [-54.40596396, -25.72292067], [-54.42999002, -25.73427821], [-54.44701573, -25.73788512], [-54.44838143, -25.74244566], [-54.44629629, -25.74866573], [-54.44951354, -25.74961178], [-54.4587418, -25.73531003], [-54.48606157, -25.72342827], [-54.49042918, -25.708781], [-54.50671942, -25.68039935], [-54.51461202, -25.67890467], [-54.52320319, -25.66700518], [-54.53451823, -25.66155028], [-54.54251244, -25.64708687], [-54.54158089, -25.64486371], [-54.54955045, -25.63855163], [-54.54806575, -25.63639211], [-54.55715381, -25.6328155], [-54.53740656, -25.61852256], [-54.52767826, -25.62832025], [-54.52363793, -25.62906264], [-54.51101727, -25.61908318], [-54.49867964, -25.61511902], [-54.46882943, -25.63718612], [-54.46047752, -25.64616621], [-54.44499305, -25.66598], [-54.43930508, -25.68991022], [-54.42959437, -25.69419327], [-54.42453902, -25.68934603], [-54.42651864, -25.6674278], [-54.42476012, -25.65799348], [-54.40026471, -25.6435292], [-54.39424229, -25.63664547], [-54.38896026, -25.62517111], [-54.39130262, -25.60739045], [-54.38815516, -25.60041698], [-54.37325639, -25.59377668], [-54.35793227, -25.60529659], [-54.34734367, -25.60605801], [-54.33849997, -25.59577682], [-54.33081143, -25.57442254], [-54.31937055, -25.56605657], [-54.30449747, -25.56290457], [-54.29073675, -25.55602792], [-54.28401478, -25.55662279], [-54.27647664, -25.56368519], [-54.25744363, -25.59329028], [-54.2505194, -25.59771608], [-54.24048997, -25.59710932], [-54.23517188, -25.59304044], [-54.23654156, -25.56821006], [-54.23055572, -25.56301164], [-54.22165686, -25.56531247], [-54.20376799, -25.5796496], [-54.18976275, -25.58511656], [-54.18115335, -25.58552134], [-54.17322975, -25.57981064], [-54.17512142, -25.57217257], [-54.18415092, -25.56413998], [-54.20385574, -25.55865044], [-54.20820782, -25.55222079], [-54.20534606, -25.54009237], [-54.19838121, -25.53560565], [-54.19064978, -25.53466266], [-54.16561758, -25.5427812], [-54.16440026, -25.58299073], [-54.16089945, -25.58294404], [-54.16089982, -25.58818612], [-54.15710177, -25.5881829], [-54.15223122, -25.59376813], [-54.15328421, -25.59846894], [-54.15497368, -25.59465858], [-54.16324198, -25.58963067]]]}}, {"type": "Feature", "properties": {"nombre": "Traslasierra", "categoria": "PARQUE NACIONAL", "provincia": "CORDOBA"}, "geometry": {"type": "Polygon", "coordinates": [[[-65.49476413, -31.0493339], [-65.49397132, -31.04683335], [-65.7719838, -31.04452284], [-65.70958703, -30.90541242], [-65.61053485, -30.90551174], [-65.6113629, -31.00472384], [-65.41884071, -31.00600018], [-65.4349863, -31.04777893], [-65.43113021, -31.06400161], [-65.43424127, -31.10178806], [-65.43831995, -31.11302092], [-65.43753233, -31.15017299], [-65.42547675, -31.19436358], [-65.41899563, -31.19818314], [-65.41935924, -31.20252627], [-65.42758023, -31.20737378], [-65.42026034, -31.22795661], [-65.42205244, -31.24858511], [-65.41645219, -31.26537878], [-65.5622325, -31.26410364], [-65.54788909, -31.24781042], [-65.53088412, -31.23794458], [-65.51104549, -31.20528393], [-65.51472639, -31.17577922], [-65.51121758, -31.17523811], [-65.51181972, -31.16251969], [-65.48329797, -31.16117882], [-65.48457092, -31.14015387], [-65.48141797, -31.11081685], [-65.47746907, -31.10262877], [-65.47795744, -31.09086047], [-65.49476413, -31.0493339]]]}}, {"type": "Feature", "properties": {"nombre": "Los Glaciares", "categoria": "PARQUE NACIONAL", "provincia": "SANTA CRUZ"}, "geometry": {"type": "Polygon", "coordinates": [[[-72.93788109, -49.20086421], [-72.90945836, -49.23089961], [-72.91854526, -49.23276253], [-72.94107203, -49.22733937], [-72.94809054, -49.23759549], [-72.94268084, -49.2405537], [-72.94280669, -49.24706829], [-72.87516572, -49.24993236], [-72.87646173, -49.26356556], [-72.87250017, -49.26643684], [-72.87644133, -49.2701449], [-72.87670807, -49.27398961], [-72.87352998, -49.28542637], [-72.88144898, -49.3018781], [-72.89293232, -49.31168868], [-72.89130277, -49.3154129], [-72.88491602, -49.31844024], [-72.88273732, -49.32751141], [-72.8778196, -49.33132949], [-72.87814709, -49.33428517], [-72.87321645, -49.33750256], [-72.8666344, -49.3363605], [-72.85524519, -49.34728918], [-72.85104026, -49.34731877], [-72.84551251, -49.35214862], [-72.8367662, -49.35312185], [-72.83720957, -49.35882258], [-72.8211633, -49.36372332], [-72.82086012, -49.36669134], [-72.80416552, -49.37524449], [-72.77750842, -49.3747332], [-72.74816929, -49.38267378], [-72.74545291, -49.38885043], [-72.74842084, -49.40001161], [-72.75128039, -49.40364444], [-72.75621196, -49.40498288], [-72.75554709, -49.40749664], [-72.75031759, -49.40981038], [-72.75146999, -49.41664776], [-72.74660348, -49.41987168], [-72.74184798, -49.43085176], [-72.74303593, -49.44019861], [-72.74804719, -49.44678431], [-72.74812014, -49.45180311], [-72.75171844, -49.45771284], [-72.75038017, -49.46228401], [-72.75467538, -49.46773306], [-72.7551607, -49.47685592], [-72.75693085, -49.47775755], [-72.75485627, -49.48005185], [-72.7605085, -49.48207009], [-72.84707823, -49.65582977], [-72.85924747, -49.79272359], [-72.80381319, -49.79446832], [-72.82631144, -50.04221192], [-72.96564836, -50.03685056], [-72.98254897, -50.21552333], [-72.97599131, -50.21564277], [-72.96414756, -50.20684894], [-72.96229391, -50.20110744], [-72.95296028, -50.19813121], [-72.93664145, -50.20128545], [-72.92729346, -50.20624679], [-72.92022719, -50.20560967], [-72.91313658, -50.20912597], [-72.90451912, -50.20620057], [-72.90029026, -50.20802571], [-72.8921951, -50.20435681], [-72.89071253, -50.2062441], [-72.89233335, -50.21280391], [-72.89040519, -50.21060325], [-72.88563401, -50.21123854], [-72.88370915, -50.21947328], [-72.88156083, -50.21575191], [-72.87612363, -50.21766701], [-72.87886201, -50.22311887], [-72.87353456, -50.22562505], [-72.87938484, -50.22792117], [-72.87693341, -50.2341794], [-72.87156934, -50.23202017], [-72.86599623, -50.22495254], [-72.85999667, -50.22442236], [-72.86338002, -50.21831282], [-72.85949701, -50.21383987], [-72.84786647, -50.21636287], [-72.84863727, -50.22524755], [-72.84695191, -50.227458], [-72.84022311, -50.2281877], [-72.8471293, -50.21814895], [-72.84642754, -50.20962597], [-72.84290061, -50.20407805], [-72.84521251, -50.19934333], [-72.84372003, -50.19131285], [-72.83600504, -50.19089304], [-72.83183378, -50.20508773], [-72.83014365, -50.20453256], [-72.8321444, -50.20172535], [-72.83005023, -50.199896], [-72.82969615, -50.19029393], [-72.81319665, -50.19192658], [-72.80902127, -50.31340051], [-72.82092788, -50.32011402], [-72.8460315, -50.32392816], [-72.84640053, -50.32793509], [-72.85106908, -50.32627446], [-72.8555757, -50.32912158], [-72.86650967, -50.33058891], [-72.87882193, -50.32901377], [-72.9099879, -50.3308791], [-72.92834017, -50.32744827], [-72.9379654, -50.32245143], [-72.95544248, -50.33317029], [-72.95991918, -50.34031145], [-72.96511839, -50.34341389], [-72.97291089, -50.34598892], [-72.99071831, -50.3464014], [-73.02366415, -50.35729302], [-73.02924238, -50.39174795], [-73.02718233, -50.40379917], [-73.01828215, -50.42550977], [-73.01475935, -50.45598282], [-73.01792123, -50.46262121], [-73.02814902, -50.46718478], [-73.02808739, -50.46901372], [-73.0200966, -50.46961939], [-73.01505495, -50.47521094], [-73.01075284, -50.47086001], [-73.0053247, -50.47336018], [-72.9999541, -50.47077988], [-72.98687682, -50.47068902], [-72.97718208, -50.47951799], [-72.96993707, -50.48066809], [-72.96084849, -50.48671939], [-72.9346476, -50.48664589], [-72.87344985, -50.48130961], [-72.8537253, -50.478078], [-72.8370688, -50.46884261], [-72.82902923, -50.46674351], [-72.81964243, -50.46755626], [-72.78594226, -50.45670987], [-72.78496758, -50.45296078], [-72.77855897, -50.446883], [-72.77262543, -50.44481463], [-72.77228079, -50.44027732], [-72.7530211, -50.42219984], [-72.74230317, -50.42037255], [-72.72290105, -50.4240193], [-72.71474178, -50.42875206], [-72.71555407, -50.43782126], [-72.72546489, -50.44429223], [-72.74700735, -50.44492534], [-72.74208804, -50.45583175], [-72.7470342, -50.45473278], [-72.7494838, -50.46441059], [-72.75600596, -50.46526445], [-72.76121226, -50.47158427], [-72.7716506, -50.47770637], [-72.7789469, -50.49212476], [-72.79843702, -50.49615522], [-72.80015078, -50.49176914], [-72.80295486, -50.49146473], [-72.80789536, -50.49738514], [-72.81480477, -50.49815157], [-72.83210141, -50.5115024], [-72.852704, -50.51347123], [-72.85610864, -50.5110025], [-72.8630787, -50.51494249], [-72.86191027, -50.51801263], [-72.86499309, -50.52590163], [-72.87787055, -50.53104328], [-72.88308892, -50.52933056], [-72.88413357, -50.52415734], [-72.88594322, -50.52938163], [-72.89489402, -50.53797049], [-72.89458323, -50.54869628], [-72.90035875, -50.55818205], [-72.88920264, -50.56008652], [-72.8840653, -50.55930737], [-72.88290844, -50.5557694], [-72.87674753, -50.55745754], [-72.87110669, -50.54920684], [-72.87040095, -50.54526732], [-72.87424473, -50.54008339], [-72.87027624, -50.53702218], [-72.86576301, -50.53978814], [-72.86832241, -50.54700869], [-72.86680378, -50.55051653], [-72.8571181, -50.54848386], [-72.85139526, -50.55196608], [-72.84902669, -50.54931689], [-72.85039692, -50.53978687], [-72.83402146, -50.53004071], [-72.82724069, -50.53303115], [-72.81742475, -50.52542801], [-72.8036476, -50.52413942], [-72.79994152, -50.51903073], [-72.79586056, -50.51848182], [-72.78424481, -50.50823453], [-72.76808345, -50.50459257], [-72.76323197, -50.51015079], [-72.76080416, -50.50957391], [-72.73298271, -50.49159582], [-72.72004367, -50.48788107], [-72.73152366, -50.61537803], [-72.73597906, -50.61875886], [-72.73703459, -50.62449051], [-72.74003271, -50.62677479], [-72.75705776, -50.63052244], [-72.76698011, -50.62670341], [-72.77411849, -50.62745294], [-72.78857372, -50.63191443], [-72.79292813, -50.63676853], [-72.80392124, -50.63912419], [-72.80963195, -50.64540597], [-72.82983357, -50.65250866], [-72.84696569, -50.65125944], [-72.8517841, -50.65318681], [-72.874734, -50.67049739], [-72.89143782, -50.67017616], [-72.90232385, -50.68480984], [-72.90546474, -50.69719494], [-72.9175643, -50.70329826], [-72.92441497, -50.70495867], [-72.9299137, -50.70269149], [-72.94030005, -50.7066533], [-72.93951483, -50.70897327], [-72.94372409, -50.71653996], [-72.95202246, -50.71838404], [-72.94405127, -50.72480858], [-72.94928608, -50.72802086], [-72.95017838, -50.73307721], [-72.95520499, -50.73768742], [-72.95469936, -50.74095917], [-72.96419935, -50.73968616], [-72.98081235, -50.74418771], [-72.9855099, -50.7516564], [-72.99584857, -50.75335424], [-73.25804289, -50.75331725], [-73.25598144, -50.75012207], [-73.2578125, -50.74871826], [-73.28289795, -50.74230957], [-73.28601074, -50.73950195], [-73.23809814, -50.72167969], [-73.2255249, -50.71929932], [-73.19818115, -50.70111084], [-73.18591309, -50.70037842], [-73.18438721, -50.69598389], [-73.16998291, -50.6875], [-73.17272949, -50.67669678], [-73.18200684, -50.6730957], [-73.19818115, -50.67340088], [-73.22418213, -50.66601562], [-73.2387085, -50.66589355], [-73.25030518, -50.65930176], [-73.2567749, -50.65270996], [-73.27081299, -50.64880371], [-73.27288818, -50.64367676], [-73.26690674, -50.63500977], [-73.26739502, -50.62811279], [-73.27832031, -50.6105957], [-73.28131103, -50.59838867], [-73.28869629, -50.58599853], [-73.29998779, -50.57427978], [-73.33190918, -50.56842041], [-73.33099365, -50.56201172], [-73.33398437, -50.55828857], [-73.35308838, -50.54730225], [-73.35968018, -50.5368042], [-73.38641357, -50.51641846], [-73.36560059, -50.50750732], [-73.36309814, -50.49212646], [-73.36450195, -50.48791504], [-73.3973999, -50.48492432], [-73.42248535, -50.4854126], [-73.43261719, -50.48309326], [-73.43280029, -50.4810791], [-73.42248535, -50.4777832], [-73.40789795, -50.4677124], [-73.40368652, -50.45080566], [-73.40948486, -50.44598389], [-73.42248535, -50.44262695], [-73.41949463, -50.43737793], [-73.41931152, -50.42962646], [-73.43701172, -50.42437744], [-73.43957519, -50.41461182], [-73.44458008, -50.40838623], [-73.45648193, -50.40051269], [-73.4533081, -50.39581299], [-73.4553833, -50.39257812], [-73.46691894, -50.39111328], [-73.48638916, -50.38208008], [-73.48199463, -50.37017822], [-73.47460937, -50.36547852], [-73.47509766, -50.35498047], [-73.46990967, -50.34448242], [-73.48071289, -50.32568359], [-73.48632812, -50.31890869], [-73.49700928, -50.31817627], [-73.50140381, -50.31469727], [-73.50848389, -50.30670166], [-73.5123291, -50.29418945], [-73.51678467, -50.28900146], [-73.53839111, -50.28900146], [-73.55291748, -50.2756958], [-73.56237793, -50.27368164], [-73.56542969, -50.27069092], [-73.56469727, -50.25579834], [-73.54998779, -50.22821045], [-73.55041504, -50.22369385], [-73.55999756, -50.21691894], [-73.55462646, -50.19329834], [-73.55517578, -50.18438721], [-73.53851318, -50.1697998], [-73.52832031, -50.16540527], [-73.52081299, -50.15307617], [-73.5222168, -50.14318848], [-73.53887939, -50.12658691], [-73.54150391, -50.11901855], [-73.53491211, -50.11199951], [-73.50970459, -50.09899902], [-73.48950195, -50.081604], [-73.48681641, -50.07208252], [-73.49249268, -50.06188965], [-73.48291016, -50.05407715], [-73.48321533, -50.05169678], [-73.49407959, -50.04937744], [-73.50219727, -50.0435791], [-73.53369141, -50.04229736], [-73.54260254, -50.03479004], [-73.55029297, -50.03338623], [-73.56658935, -50.02038574], [-73.56402588, -50.01342773], [-73.5369873, -49.98730469], [-73.51177978, -49.97460937], [-73.50518799, -49.9664917], [-73.51080322, -49.96069336], [-73.54388428, -49.94940185], [-73.54742432, -49.94610596], [-73.54827881, -49.93328857], [-73.5526123, -49.92388916], [-73.54858398, -49.91699219], [-73.52191162, -49.90051269], [-73.51251221, -49.8829956], [-73.5, -49.86657715], [-73.49749756, -49.85839844], [-73.49047852, -49.8526001], [-73.48999023, -49.85058594], [-73.49761963, -49.84411621], [-73.49969482, -49.81799316], [-73.49212646, -49.81231689], [-73.4453125, -49.79388428], [-73.44641113, -49.79040527], [-73.4619751, -49.78259277], [-73.46618652, -49.77368164], [-73.43878174, -49.7578125], [-73.45922852, -49.74530029], [-73.47637939, -49.71789551], [-73.5045166, -49.70941162], [-73.50909424, -49.70520019], [-73.50830078, -49.70141602], [-73.49859619, -49.69171143], [-73.4987793, -49.68231201], [-73.50610352, -49.66619873], [-73.50457764, -49.66290283], [-73.49560547, -49.66137695], [-73.46411133, -49.64239502], [-73.46087646, -49.63482666], [-73.46099853, -49.62451172], [-73.46368408, -49.61889648], [-73.47869873, -49.59460449], [-73.4921875, -49.57922363], [-73.50457764, -49.57312012], [-73.52630615, -49.56848144], [-73.53601074, -49.56402588], [-73.54571533, -49.55029297], [-73.54559326, -49.54400635], [-73.54968262, -49.53808594], [-73.53930664, -49.52398682], [-73.5447998, -49.50469971], [-73.53961182, -49.49822998], [-73.52862549, -49.50061035], [-73.51062012, -49.49700928], [-73.48779297, -49.50048828], [-73.47259521, -49.48468018], [-73.46380615, -49.48248291], [-73.47021484, -49.46972656], [-73.47961426, -49.46130371], [-73.47857666, -49.44787598], [-73.47387695, -49.44128418], [-73.47967529, -49.43701172], [-73.48797607, -49.43560791], [-73.49041748, -49.42871094], [-73.484375, -49.42218018], [-73.47351074, -49.41809082], [-73.4677124, -49.40557861], [-73.46002197, -49.40020752], [-73.4262085, -49.39190674], [-73.42602539, -49.37689209], [-73.43060303, -49.36437988], [-73.42559814, -49.35241699], [-73.42907715, -49.34399414], [-73.42749023, -49.34100342], [-73.41998291, -49.33801269], [-73.4105835, -49.31939697], [-73.41900635, -49.31549072], [-73.43231201, -49.31408691], [-73.43640137, -49.29760742], [-73.4520874, -49.29858398], [-73.45599365, -49.29650879], [-73.4597168, -49.28710937], [-73.4710083, -49.27880859], [-73.4822998, -49.27349853], [-73.49371338, -49.27270508], [-73.4967041, -49.26831055], [-73.49578857, -49.24468994], [-73.47601318, -49.21838379], [-73.47387695, -49.20562744], [-73.47070312, -49.20111084], [-73.14367676, -49.27099609], [-73.04559326, -49.27368164], [-73.04387264, -49.27267975], [-73.04049595, -49.24345578], [-73.13900017, -49.24856054], [-73.14366207, -49.24291746], [-73.14392288, -49.23030938], [-73.14195797, -49.22609348], [-73.1449084, -49.21660396], [-73.14069566, -49.20774509], [-73.06544555, -49.20846801], [-73.02899864, -49.22202781], [-73.02152248, -49.2219755], [-73.01155304, -49.22822703], [-72.99540643, -49.22778282], [-72.96147048, -49.23568402], [-72.95130398, -49.23174084], [-72.95159763, -49.22192544], [-72.94142963, -49.22107115], [-72.94313325, -49.21585268], [-72.94068715, -49.20757247], [-72.94324615, -49.20674224], [-72.93705302, -49.20528591], [-72.9394889, -49.20240029], [-72.9530358, -49.20094675], [-72.95015455, -49.18739522], [-72.94722729, -49.18583741], [-72.93504956, -49.19465731], [-72.93788109, -49.20086421]], [[-72.98898509, -50.68689391], [-72.98919393, -50.6869982], [-72.98898563, -50.68691974], [-72.98898509, -50.68689391]]]}}, {"type": "Feature", "properties": {"nombre": "Parque Federal Campo San Juan", "categoria": "RESERVA NATURAL SILVESTRE", "provincia": "MISIONES"}, "geometry": {"type": "Polygon", "coordinates": [[[-55.709971, -27.41115], [-55.67863, -27.377204], [-55.63427, -27.364784], [-55.627202, -27.358836], [-55.612668, -27.352249], [-55.608353, -27.355022], [-55.613636, -27.368745], [-55.606952, -27.382988], [-55.604596, -27.385255], [-55.596428, -27.384123], [-55.593254, -27.38698], [-55.598499, -27.391127], [-55.602754, -27.398372], [-55.603096, -27.404855], [-55.614082, -27.419575], [-55.638902, -27.432916], [-55.64733, -27.441603], [-55.656815, -27.43988], [-55.659559, -27.435308], [-55.657542, -27.433074], [-55.659213, -27.42408], [-55.667116, -27.417395], [-55.680607, -27.419929], [-55.68883, -27.417763], [-55.709467, -27.419382], [-55.712904, -27.417028], [-55.709971, -27.41115]]]}}, {"type": "Feature", "properties": {"nombre": "Anzenuza", "categoria": "PARQUE NACIONAL", "provincia": "CORDOBA"}, "geometry": {"type": "Polygon", "coordinates": [[[-62.21992716580832, -30.4057111450972], [-62.23644145263301, -30.410706341530833], [-62.248499540425286, -30.464781789617543], [-62.265311040261615, -30.462252995615454], [-62.22305555555553, -30.602555555555654], [-62.217555555555606, -30.63233333333333], [-62.21858333333335, -30.798694444444465], [-62.25605555555558, -30.848361111111128], [-62.3139166666666, -30.852472222222328], [-62.41255555555572, -30.820472222222087], [-62.50508333333336, -30.840722222222364], [-62.81366666666686, -30.827555555555676], [-62.82730555555572, -30.796638888888832], [-62.88597222222225, -30.793472222222224], [-62.93241666666672, -30.71486111111098], [-63.203054346423194, -30.663821201666085], [-63.1949748396881, -30.63074857969009], [-63.23161324530678, -30.62401893155985], [-63.232184011617406, -30.62626633211692], [-63.2517066723939, -30.622675858677795], [-63.265204220016145, -30.626880279217175], [-63.28953262538683, -30.623662389976218], [-63.28629030888382, -30.61040941479838], [-63.29784413278102, -30.608188512028825], [-63.298715873126326, -30.611740142047307], [-63.3103616409762, -30.60975128379948], [-63.29897006496859, -30.56382724565514], [-63.32305600318641, -30.559101419557148], [-63.32352610602752, -30.506199968561653], [-63.3777966378714, -30.495261569547537], [-63.37886901092533, -30.48680391700767], [-63.42019106631401, -30.487219273827705], [-63.420668557750304, -30.46388325314687], [-63.37935922883255, -30.46332193575606], [-63.38091079850667, -30.27080555346371], [-63.37556268410283, -30.24811825761329], [-63.32991284296822, -30.247852645553024], [-63.31306332272668, -30.185906178055852], [-62.96189324353022, -30.24869010975059], [-62.95275674490546, -30.208821238929602], [-62.89787518109178, -30.21840740370537], [-62.894164393489376, -30.20249322644524], [-62.87838939088766, -30.205241876944797], [-62.87470471661916, -30.189648474084624], [-62.83948000106251, -30.196509500659232], [-62.83613143758615, -30.181889228391643], [-62.75029065521335, -30.196327287173176], [-62.75203626137766, -30.194095772727497], [-62.72796348629115, -30.1788072406665], [-62.73721607859952, -30.17882804227811], [-62.7373743658494, -30.14408366711618], [-62.71865272863279, -30.15111003048703], [-62.71247686238799, -30.123694220296002], [-62.65136940349306, -30.134769585807334], [-62.63221708083457, -30.043927907794846], [-62.6254051600801, -30.046387561421025], [-62.61827284492546, -30.052911335979157], [-62.61389449578278, -30.050900825132413], [-62.614839251522255, -30.0489909566339], [-62.60690972238809, -30.045877881691972], [-62.59655303584363, -30.04930055503453], [-62.598003638862956, -30.05221446289487], [-62.593682103955096, -30.060839527404294], [-62.58939056410373, -30.06373546842438], [-62.58384829855261, -30.063717609200133], [-62.56812403043836, -30.056184388745052], [-62.5575646694545, -30.058269735017586], [-62.55399806974951, -30.062508047241217], [-62.5648156262923, -30.087665027068336], [-62.5631562953331, -30.09019549215013], [-62.56469553061834, -30.093911732585216], [-62.5602432803321, -30.101615276955467], [-62.56376706025403, -30.10622877874595], [-62.56653734616611, -30.120849155994254], [-62.57270272287751, -30.131797968231304], [-62.574984156157605, -30.13201271854805], [-62.57639527187543, -30.137565011082017], [-62.579926605783356, -30.139345871979486], [-62.578558709595235, -30.141663442669294], [-62.581910188870914, -30.141210248183405], [-62.58398549957428, -30.143538611128736], [-62.58362620229662, -30.14872404418221], [-62.592987055676744, -30.15539725179026], [-62.59291719359854, -30.161352797896786], [-62.595722266959214, -30.164309107556363], [-62.59551259250553, -30.167343982705766], [-62.587133459853305, -30.175120685382126], [-62.5885190310023, -30.180230721101445], [-62.58521928189396, -30.17975575468912], [-62.57714918347022, -30.18564777202196], [-62.57808845670156, -30.189663732074308], [-62.574244718817994, -30.193940751649933], [-62.57949167851509, -30.197278191629252], [-62.57771995207112, -30.201838803411835], [-62.58566707109518, -30.207123646300126], [-62.582902801346094, -30.21942861421671], [-62.58899513486325, -30.226835362963296], [-62.5816675608455, -30.235651477368542], [-62.58642200989473, -30.241449555535997], [-62.5808889517266, -30.248111725340145], [-62.58492329624722, -30.255322990793978], [-62.58292671519117, -30.256077693284475], [-62.580362959183, -30.268086240159626], [-62.56891832007612, -30.278364334426648], [-62.56534567298824, -30.288099012352543], [-62.17416845844553, -30.281945772056066], [-62.21992716580832, -30.4057111450972]]]}}, {"type": "Feature", "properties": {"nombre": "Islote Lobos", "categoria": "PARQUE NACIONAL", "provincia": "RIO NEGRO"}, "geometry": {"type": "Polygon", "coordinates": [[[-65.02662291648137, -41.5859729710195], [-65.02584177099988, -41.55254123104681], [-65.00696519265077, -41.53359386023667], [-65.01274687530402, -41.517244432212074], [-65.02133326508802, -41.49806985976626], [-65.06629165555441, -41.462665488714585], [-65.07526299825663, -41.43468086436322], [-65.09262487649234, -41.40888086161048], [-65.09986604494084, -41.38068110721652], [-65.03789387947485, -41.37483534625428], [-65.00189770332004, -41.39029596945873], [-64.97419991608149, -41.43501926048194], [-64.94796703533116, -41.49317756697477], [-64.94275204109643, -41.524610171017805], [-64.94631349987117, -41.548412589283636], [-64.93682614612926, -41.57863951561683], [-64.98157730682125, -41.62006700879302], [-65.02339041332388, -41.62044560613762], [-65.02921766142052, -41.61565178649371], [-65.02902812832231, -41.610118898575664], [-65.03135099316637, -41.60913761809597], [-65.02989723201621, -41.6062454300222], [-65.03462931724994, -41.6044856103147], [-65.03451156570749, -41.607008470198366], [-65.03636409518715, -41.60660056588293], [-65.03728934737127, -41.59956367256162], [-65.02662291648137, -41.5859729710195]]]}}, {"type": "Feature", "properties": {"nombre": "Marismas del Tuyu", "categoria": "RESERVA NATURAL SILVESTRE", "provincia": "BUENOS AIRES"}, "geometry": {"type": "MultiPolygon", "coordinates": [[[[-56.79362436970326, -36.32976974836354], [-56.78148709457992, -36.32125220774715], [-56.77431341212747, -36.32068932045529], [-56.77271100694428, -36.32508606422153], [-56.75706655453269, -36.33304065689821], [-56.75425371236212, -36.3369943250318], [-56.76612126841713, -36.32970137107906], [-56.76935978508091, -36.33134746847736], [-56.76894491245748, -36.33423331382275], [-56.76305527928525, -36.33712661645558], [-56.79392357486645, -36.33787795158125], [-56.79195624261557, -36.33495343043482], [-56.79563470745717, -36.33404308776679], [-56.79206230148777, -36.33326133885004], [-56.79362436970326, -36.32976974836354]]], [[[-56.79483481060224, -36.32866136835472], [-56.79314776066667, -36.33300771423077], [-56.79668582771986, -36.33433958512805], [-56.79467352992859, -36.33788317348161], [-56.81086028365976, -36.33824396035652], [-56.81169923482899, -36.33314761951443], [-56.79483481060224, -36.32866136835472]]]]}}, {"type": "Feature", "properties": {"nombre": "Cerro Pistarini", "categoria": "RESERVA NATURAL EDUCATIVA", "provincia": "CORDOBA"}, "geometry": {"type": "Polygon", "coordinates": [[[-64.434694, -32.226828], [-64.426861, -32.220245], [-64.423361, -32.2235071], [-64.4189151, -32.2196016], [-64.4134433, -32.2207597], [-64.4161027, -32.2192824], [-64.4135517, -32.21679], [-64.4190701, -32.2139893], [-64.416259, -32.209823], [-64.411185, -32.210611], [-64.410602, -32.206463], [-64.406158, -32.213362], [-64.4068674, -32.2159753], [-64.404143, -32.214638], [-64.402242, -32.216468], [-64.4025805, -32.2211513], [-64.421876, -32.238766], [-64.434694, -32.226828]]]}}]}